id,date,hour,command1,command2,command3,command4,command5
1,6/27/2018,23:31,ll
2,6/27/2018,23:32,kill,-0,lsyncd
3,6/27/2018,23:32,kill,-9,lsyncd
4,6/27/2018,23:32,ps,ax,|,grep,lsyncd
5,6/27/2018,23:32,kill,-9,17742
6,6/27/2018,23:33,ps,ax,|,grep,lsyncd
7,6/27/2018,23:33,kill,-9,17743
8,6/27/2018,23:33,ll
9,6/27/2018,23:33,ps,ax,|,grep,lsyncd
10,6/27/2018,23:38,pwd
11,6/27/2018,23:38,cd,~/src-try
12,6/27/2018,23:38,ll
13,6/27/2018,23:38,pwd
14,6/27/2018,23:38,clear
15,6/27/2018,23:39,ll
16,6/27/2018,23:39,subl,./lsyncd.log
17,6/27/2018,23:39,subl,./lsyncd.status
18,6/27/2018,23:40,tail,-f,/tmp/lsyncd.log
19,6/27/2018,23:40,tail,-f,/tmp/lsyncd.status
20,6/27/2018,23:40,kk
21,6/27/2018,23:40,clear
22,6/27/2018,23:40,ll
23,6/27/2018,23:40,clear
24,6/27/2018,23:40,ll
25,6/27/2018,23:41,cd,~/dst-try
26,6/27/2018,23:41,ll
27,6/27/2018,23:41,rm,*
28,6/27/2018,23:42,ll
29,6/27/2018,23:42,rm,./aaa.txt
30,6/27/2018,23:42,ll
31,6/27/2018,23:42,rm,./.*
32,6/27/2018,23:42,ll
33,6/27/2018,23:42,watch,ls,-la
34,6/27/2018,23:43,lsyncd,~/.config/lsyncd/simple-files.list
35,6/27/2018,23:43,lsyncd,~/.config/lsyncd/simple.lua
36,6/27/2018,23:45,ll
37,6/27/2018,23:45,echo,1>>aaa.txt
38,6/27/2018,23:48,pwd
39,6/27/2018,23:49,ps,ax,|,grep,lsyncd
40,6/27/2018,23:50,subl,/tmp/lsyncd.log
41,6/27/2018,23:50,tail,-f,/tmp/lsyncd.log
42,6/27/2018,23:50,subl,/tmp/lsyncd.status
43,6/27/2018,23:50,tail,-f,/tmp/lsyncd.log
44,6/27/2018,23:51,tail,-f,/tmp/lsyncd.status
45,6/27/2018,23:51,clear
46,6/27/2018,23:51,lsyncd,~/.config/lsyncd/simple.lua
47,6/27/2018,23:51,ll
48,6/27/2018,23:52,echo,1>>aaa.txt
49,6/27/2018,23:53,lsyncd,~/.config/lsyncd/simple.lua
50,6/27/2018,23:53,echo,1>>aaa.txt
51,6/27/2018,23:56,tail,-f,/tmp/lsyncd.log
52,6/27/2018,23:56,ps,ax,|,grep,lsyncd
53,6/27/2018,23:56,pkill,lsyncd
54,6/27/2018,23:57,ps,ax,|,grep,lsyncd
55,6/27/2018,23:57,ll
56,6/27/2018,23:58,rm,./lsyncd.log
57,6/27/2018,23:58,touch,lsyncd.log
58,6/27/2018,23:58,ll
59,6/27/2018,23:59,touch,lsyncd.log
60,6/27/2018,23:59,tail,-f,/tmp/lsyncd.log
61,6/27/2018,23:59,lsyncd,~/.config/lsyncd/simple.lua
62,6/27/2018,23:59,ll
63,6/27/2018,23:59,echo,12,>>aaa.txt
64,6/27/2018,23:59,echo,12,>>,aaa.txt
65,6/28/2018,00:01,pkill,lsyncd
66,6/28/2018,00:01,ps,ax,|,grep,lsyncd
67,6/28/2018,00:01,lsyncd,~/.config/lsyncd/simple.lua
68,6/28/2018,00:01,echo,133232,>>,aaa.txt
69,6/28/2018,00:02,echo,133232,>>,bb.txt
70,6/28/2018,00:04,echo,133232,>>,.tmux.conf
71,6/28/2018,00:05,echo,133232,>>,.zshrc
72,6/28/2018,00:19,lua
73,6/28/2018,00:25,ll
74,6/28/2018,00:29,ll
75,6/28/2018,00:30,ll
76,6/28/2018,00:30,subl,./lsyncd.log
77,6/28/2018,00:30,subl,./lsyncd.status
78,6/28/2018,00:30,tail,-f,/tmp/lsyncd.log
79,6/28/2018,00:31,tail,-f,/tmp/lsyncd.status
80,6/28/2018,00:31,clear
81,6/28/2018,00:31,ll
82,6/28/2018,00:32,lsyncd,~/.config/lsyncd/simple.lua
83,6/28/2018,00:44,ll
84,6/28/2018,00:44,echo,11111,>,cc.txt
85,6/28/2018,00:44,echo,11111,>,.zshrc
86,6/28/2018,00:46,echo,11111,>,.tmux.conf
87,6/28/2018,00:52,subl,./lsyncd.status
88,6/28/2018,00:53,tail,-f,/tmp/lsyncd.status
89,6/28/2018,00:53,ps,ax,|,grep,lsyncd
90,6/28/2018,00:53,kill,-9,8466
91,6/28/2018,00:53,pkill,lsyncd
92,6/28/2018,00:53,ps,ax,|,grep,lsyncd
93,6/28/2018,00:53,tail,-f,/tmp/lsyncd.log
94,6/28/2018,00:54,sublime,/tmp/lsyncd.log
95,6/28/2018,00:54,tail,-f,/tmp/lsyncd.log
96,6/28/2018,00:54,ll
97,6/28/2018,00:55,lsyncd,~/.config/lsyncd/simple.lua
98,6/28/2018,00:55,ll
99,6/28/2018,00:55,echo,2143344,>>,.zshrc
100,6/28/2018,00:56,echo,2143344,>>,a.txt
101,6/28/2018,00:57,pkill,lsyncd
102,6/28/2018,00:57,subl,./lsyncd.status
103,6/28/2018,00:57,subl,./lsyncd.log
104,6/28/2018,00:57,tail,-f,/tmp/lsyncd.log
105,6/28/2018,00:58,tail,-f,/tmp/lsyncd.status
106,6/28/2018,00:58,lsyncd,~/.config/lsyncd/simple.lua
107,6/28/2018,00:58,watch,ls,-la
108,6/28/2018,00:58,lsyncd,~/.config/lsyncd/simple.lua
109,6/28/2018,00:58,ll
110,6/28/2018,00:58,echo,1,>,a.txt
111,6/28/2018,00:59,ps,ax,|,grep,lsyncd
112,6/28/2018,00:59,echo,1,>,.tmux.conf
113,6/28/2018,01:00,echo,1,>,.zshrc
114,6/28/2018,01:05,ll
115,6/28/2018,01:05,cd,~/myGitRepositories
116,6/28/2018,01:05,ll
117,6/28/2018,01:05,cd,..
118,6/28/2018,01:05,l
119,6/28/2018,01:06,cd,~/myGitRepositories
120,6/28/2018,01:06,ll
121,6/28/2018,01:06,cd,..
122,6/28/2018,01:06,cd,my_useful_scripts
123,6/28/2018,01:06,ll
124,6/28/2018,01:06,cd,..
125,6/28/2018,01:06,ll
126,6/28/2018,01:06,cd,myGitRepositories
127,6/28/2018,01:06,ll
128,6/28/2018,01:06,ubuntu
129,6/28/2018,01:06,ll
130,6/28/2018,01:06,rm,-rf,./.*
131,6/28/2018,01:06,ll
132,6/28/2018,01:07,subl,./lsyncd.log
133,6/28/2018,01:07,subl,./lsyncd.status
134,6/28/2018,01:07,clear
135,6/28/2018,01:07,tail,-f,./lsyncd.status
136,6/28/2018,01:08,tail,-f,/tmp/lsyncd.log
137,6/28/2018,01:08,clear
138,6/28/2018,01:08,ll
139,6/28/2018,01:08,watch,ls,-la,--color
140,6/28/2018,01:09,ps,ax,|,grep,lsyncd
141,6/28/2018,01:09,kill,-9,11766
142,6/28/2018,01:09,kill,-9,11876
143,6/28/2018,01:10,ps,ax,|,grep,lsyncd
144,6/28/2018,01:10,lsyncd,~/.config/lsyncd/simple.lua
145,6/28/2018,01:10,ll
146,6/28/2018,01:11,subl,~/.zshrc
147,6/28/2018,01:12,ps,ax,|,grep,lsyncd
148,6/28/2018,01:12,kill,-9,lsyncd
149,6/28/2018,01:13,pkill,lsyncd
150,6/28/2018,01:13,ps,ax,|,grep,lsyncd
151,6/28/2018,01:13,lsyncd,~/.config/lsyncd/backup-my-conf-and-dot-files.lua
152,6/28/2018,01:15,pkill,lsyncd
153,6/28/2018,01:15,ll
154,6/28/2018,01:15,rm,lsyncd.status
155,6/28/2018,01:16,touch,lsyncd.status
156,6/28/2018,01:16,subl,tmp/lsyncd.log
157,6/28/2018,01:16,ll
158,6/28/2018,01:16,touch,lsyncd.log
159,6/28/2018,01:16,ll
160,6/28/2018,01:16,subl,lsyncd.log
161,6/28/2018,01:18,clear
162,6/28/2018,01:18,l
163,6/28/2018,01:18,tail,-f,./lsyncd.log
164,6/28/2018,01:19,tail,-f,lsyncd.status
165,6/28/2018,01:19,ll
166,6/28/2018,01:19,rm,-rf,./.config
167,6/28/2018,01:19,ll
168,6/28/2018,01:20,lsyncd,~/.config/lsyncd/backup-my-conf-and-dot-files.lua
169,6/28/2018,01:20,ll
170,6/28/2018,01:29,subl,lsyncd.status
171,6/28/2018,01:29,ll
172,6/28/2018,01:30,ps,ax,|,lsyncd
173,6/28/2018,01:30,ps,ax,|,grep,lsyncd
174,6/28/2018,01:31,subl,lsyncd.status
175,6/28/2018,07:25,cd,~/Do
176,6/28/2018,07:25,cd,~/Downloads
177,6/28/2018,07:25,ll
178,6/28/2018,07:25,cd,lsyncd
179,6/28/2018,07:25,ag,filter
180,6/28/2018,07:26,exit
181,6/28/2018,07:26,clear
182,6/28/2018,07:26,ll
183,6/28/2018,07:26,cd,~/Downloads
184,6/28/2018,07:26,ll
185,6/28/2018,07:26,cd,lsyncd
186,6/28/2018,07:26,ll
187,6/28/2018,07:26,ag,filter
188,6/28/2018,07:27,cd,tests
189,6/28/2018,07:27,ll
190,6/28/2018,07:27,subl,filter-rsync.lua
191,6/28/2018,07:45,ll
192,6/28/2018,07:45,lua,./filter-rsync.lua
193,6/28/2018,07:46,luarocks,install,luaposix
194,6/28/2018,07:49,dpkg,-L
195,6/28/2018,07:49,dpkg,-L,lua
196,6/28/2018,07:50,dpkg,-L,terminator
197,6/28/2018,07:50,dpkg,-L,LUA
198,6/28/2018,07:50,dpkg,-L,lua
199,6/28/2018,07:50,dpkg,--info,-L,lua
200,6/28/2018,07:50,sudo,apt,remove,luarocks
201,6/28/2018,07:51,cd,~/Downloads
202,6/28/2018,07:51,ll
203,6/28/2018,07:51,rm,-rf,./luarocks-2.4.4
204,6/28/2018,07:51,wget,https://luarocks.org/releases/luarocks-2.4.4.tar.gz
205,6/28/2018,07:52,ll
206,6/28/2018,07:52,rm,./luarocks-2.4.4.tar.gz
207,6/28/2018,07:52,rm,./luarocks-2.4.4.tar.gz.1
208,6/28/2018,07:52,ll
209,6/28/2018,07:52,wget,https://luarocks.org/releases/luarocks-2.4.4.tar.gz
210,6/28/2018,07:52,tar,zxpf,luarocks-2.4.4.tar.gz
211,6/28/2018,07:53,cd,luarocks-2.4.4
212,6/28/2018,07:53,ll
213,6/28/2018,07:53,./configure;,sudo,make,bootstrap
214,6/28/2018,07:53,sudo,luarocks,install,luasocket
215,6/28/2018,07:53,lua
216,6/28/2018,07:53,clear
217,6/28/2018,07:54,luarocks,install,luaposix
218,6/28/2018,07:54,sudo,luarocks,install,luaposix
219,6/28/2018,07:55,clear
220,6/28/2018,07:55,ll
221,6/28/2018,07:55,cd,..
222,6/28/2018,07:55,ll
223,6/28/2018,07:55,cd,try_again
224,6/28/2018,07:55,ll
225,6/28/2018,07:55,mv,./lsyncd,..
226,6/28/2018,07:55,mv,-rf,./lsyncd,..
227,6/28/2018,07:55,mv,-r,./lsyncd,..
228,6/28/2018,07:55,ll
229,6/28/2018,07:56,mv,./lsyncd,..
230,6/28/2018,07:56,cd,./lsyncd
231,6/28/2018,07:56,ll
232,6/28/2018,07:56,cd,tests
233,6/28/2018,07:56,ll
234,6/28/2018,07:56,lua,./filter-rsync.lua
235,6/28/2018,07:57,subl,./filter-rsync.lua
236,6/28/2018,07:57,cd,..
237,6/28/2018,07:57,ll
238,6/28/2018,07:57,lua,/tests/filter-rsync.lua
239,6/28/2018,07:57,lua,tests/filter-rsync.lua
240,6/28/2018,07:58,ll
241,6/28/2018,07:58,cd,/tmp/ltest.nbW/
242,6/28/2018,07:58,ll
243,6/28/2018,07:59,cat,./config.lua
244,6/28/2018,08:01,cd,-
245,6/28/2018,08:01,cd-
246,6/28/2018,08:01,cd,-
247,6/28/2018,08:01,ll
248,6/28/2018,08:02,cd,src
249,6/28/2018,08:02,ll
250,6/28/2018,08:03,cd,-
251,6/28/2018,08:04,exit
252,6/28/2018,08:04,clear
253,6/28/2018,08:04,ll
254,6/28/2018,08:04,cd,~/Downloads
255,6/28/2018,08:04,ll
256,6/28/2018,08:04,cd,lsyncd
257,6/28/2018,08:04,ll
258,6/28/2018,08:04,cd,tests
259,6/28/2018,08:04,ll
260,6/28/2018,08:06,clear
261,6/28/2018,08:06,ll
262,6/28/2018,08:06,clear
263,6/28/2018,08:06,ll
264,6/28/2018,08:06,cd,.
265,6/28/2018,08:06,cd,src
266,6/28/2018,08:06,ll
267,6/28/2018,08:06,lua,tests/filter-rsync.lua
268,6/28/2018,08:07,ll
269,6/28/2018,08:07,cd,..
270,6/28/2018,08:07,ll
271,6/28/2018,08:07,cd,..
272,6/28/2018,08:07,ll
273,6/28/2018,08:07,find,.,-name,"*zshrc*"
274,6/28/2018,08:07,sudo,find,.,-name,"*zshrc*"
275,6/28/2018,08:08,sudo,find,.,-name,"*abc*"
276,6/28/2018,08:08,cd,ltest.Pzc
277,6/28/2018,08:08,ll
278,6/28/2018,08:08,cd,src
279,6/28/2018,08:08,ll
280,6/28/2018,08:08,cd,..
281,6/28/2018,08:08,cd,ltest.nbW
282,6/28/2018,08:08,ll
283,6/28/2018,08:08,cd,src
284,6/28/2018,08:08,ll
285,6/28/2018,08:08,lua,tests/filter-rsync.lua
286,6/28/2018,08:08,ll
287,6/28/2018,08:09,cd,..
288,6/28/2018,08:09,ll
289,6/28/2018,08:09,cd,..
290,6/28/2018,08:09,ll
291,6/28/2018,08:09,cd,ltest.Dwm
292,6/28/2018,08:09,ll
293,6/28/2018,08:09,cd,src
294,6/28/2018,08:09,ll
295,6/28/2018,08:09,lua,tests/filter-rsync.lua
296,6/28/2018,08:10,cd,..ll
297,6/28/2018,08:10,cd,..
298,6/28/2018,08:10,ll
299,6/28/2018,08:10,cd,try_again
300,6/28/2018,08:10,ll
301,6/28/2018,08:10,lua,tests/filter-rsync.lua
302,6/28/2018,08:10,cd,lsyncd
303,6/28/2018,08:10,lua,tests/filter-rsync.lua
304,6/28/2018,08:10,cd,..
305,6/28/2018,08:10,ll
306,6/28/2018,08:11,cd,ltest.PgD
307,6/28/2018,08:11,ll
308,6/28/2018,08:11,cd,src
309,6/28/2018,08:11,ll
310,6/28/2018,08:11,cd,..
311,6/28/2018,08:11,cd,.
312,6/28/2018,08:11,ll
313,6/28/2018,08:11,cd,..
314,6/28/2018,08:11,ll
315,6/28/2018,08:11,rm,"ltest*"
316,6/28/2018,08:11,rm,-rf,"ltest*"
317,6/28/2018,08:11,ll
318,6/28/2018,08:11,rm,-rf,"ltest.*"
319,6/28/2018,08:11,ll
320,6/28/2018,08:12,rm,-rf,"ltest\*"
321,6/28/2018,08:12,ll
322,6/28/2018,08:12,rm,-rf,ltest\*
323,6/28/2018,08:12,ll
324,6/28/2018,08:12,rm,-rf,ltest*
325,6/28/2018,08:12,ll
326,6/28/2018,08:12,lua,tests/filter-rsync.lua
327,6/28/2018,08:12,ll
328,6/28/2018,08:12,cd,ltest.MVH
329,6/28/2018,08:12,ll
330,6/28/2018,08:12,cd,src
331,6/28/2018,08:12,ll
332,6/28/2018,08:13,clear
333,6/28/2018,08:13,cd,..
334,6/28/2018,08:13,ll
335,6/28/2018,08:13,rm,-rf,./ltest.MVH
336,6/28/2018,08:13,ll
337,6/28/2018,08:13,lua,tests/filter-rsync.lua
338,6/28/2018,08:13,ll
339,6/28/2018,08:13,cd,ltest.Qb6
340,6/28/2018,08:13,l
341,6/28/2018,08:13,cd,src
342,6/28/2018,08:13,ll
343,6/28/2018,08:15,cd,..
344,6/28/2018,08:15,ll
345,6/28/2018,08:15,cd,..
346,6/28/2018,08:15,ll
347,6/28/2018,08:15,rm,ltest.Qb6
348,6/28/2018,08:15,rm,-rf,ltest.Qb6
349,6/28/2018,08:15,ll
350,6/28/2018,08:15,lua,tests/filter-rsync.lua
351,6/28/2018,08:16,ll
352,6/28/2018,08:16,cd,ltest.vN3
353,6/28/2018,08:16,ll
354,6/28/2018,08:16,cd,src
355,6/28/2018,08:16,ll
356,6/28/2018,08:16,cd,..
357,6/28/2018,08:16,ll
358,6/28/2018,08:16,cd,trg
359,6/28/2018,08:16,ll
360,6/28/2018,08:16,cd,..src
361,6/28/2018,08:16,cd,../src
362,6/28/2018,08:16,ll
363,6/28/2018,08:17,cd,..
364,6/28/2018,08:17,ll
365,6/28/2018,08:18,cd,src
366,6/28/2018,08:18,ll
367,6/28/2018,08:18,cd,..
368,6/28/2018,08:18,ll
369,6/28/2018,08:18,cd,..
370,6/28/2018,08:18,rm,./ltest.vN3
371,6/28/2018,08:18,rm,--rf,./ltest.vN3
372,6/28/2018,08:18,rm,-rf,./ltest.vN3
373,6/28/2018,08:18,ll
374,6/28/2018,08:19,clear
375,6/28/2018,08:19,ll
376,6/28/2018,08:19,clear
377,6/28/2018,08:19,ll
378,6/28/2018,08:19,pwd
379,6/28/2018,08:20,lua,tests/filter-rsync.lua
380,6/28/2018,08:20,kk
381,6/28/2018,08:20,ll
382,6/28/2018,08:20,cll
383,6/28/2018,08:20,ll
384,6/28/2018,08:20,cd,ltest.aIA
385,6/28/2018,08:20,ll
386,6/28/2018,08:20,cd,src
387,6/28/2018,08:20,ll
388,6/28/2018,08:20,cd,..
389,6/28/2018,08:20,cd,trg
390,6/28/2018,08:20,ll
391,6/28/2018,08:21,pwd
392,6/28/2018,08:21,cd,..
393,6/28/2018,08:21,ll
394,6/28/2018,08:21,rm,-rf,./ltest.aIA
395,6/28/2018,08:21,ll
396,6/28/2018,08:22,lua,tests/filter-rsync.lua
397,6/28/2018,08:22,ll
398,6/28/2018,08:22,cd,ltest.lYM
399,6/28/2018,08:22,ll
400,6/28/2018,08:22,cd,src
401,6/28/2018,08:22,ll
402,6/28/2018,08:22,cd,..
403,6/28/2018,08:22,cd,trg
404,6/28/2018,08:22,ll
405,6/28/2018,08:23,cd,..
406,6/28/2018,08:23,ll
407,6/28/2018,08:23,rm,-rf,./ltest.lYM
408,6/28/2018,08:23,lua,tests/filter-rsync.lua
409,6/28/2018,08:23,ll
410,6/28/2018,08:23,cd,ltest.wb6
411,6/28/2018,08:23,ll
412,6/28/2018,08:23,cd,trg
413,6/28/2018,08:23,ll
414,6/28/2018,08:23,cd,/tmp
415,6/28/2018,08:24,find,.,-name,zshrc
416,6/28/2018,08:24,sudo,find,.,-name,zshrc
417,6/28/2018,08:25,pwd
418,6/28/2018,08:25,ll
419,6/28/2018,08:25,cd,ltest.wb6
420,6/28/2018,08:25,ll
421,6/28/2018,08:25,cd,src
422,6/28/2018,08:25,ll
423,6/28/2018,08:25,cd,..
424,6/28/2018,08:25,ll
425,6/28/2018,08:25,lsyncd,/tmp/ltest.wb6/config.lua
426,6/28/2018,08:26,ll
427,6/28/2018,08:26,cd,src
428,6/28/2018,08:26,ll
429,6/28/2018,08:26,cd,..
430,6/28/2018,08:26,cd,dst
431,6/28/2018,08:26,ll
432,6/28/2018,08:26,cd,trg
433,6/28/2018,08:26,ll
434,6/28/2018,08:27,ll
435,6/28/2018,08:27,cd,..
436,6/28/2018,08:27,cd,.
437,6/28/2018,08:27,ll
438,6/28/2018,08:27,cd,.
439,6/28/2018,08:27,cd,..
440,6/28/2018,08:27,ll
441,6/28/2018,08:27,rm,./ltest.wb6
442,6/28/2018,08:27,rm,-rf,./ltest.wb6
443,6/28/2018,08:27,clear
444,6/28/2018,08:27,ll
445,6/28/2018,08:27,lua,tests/filter-rsync.lua
446,6/28/2018,08:27,ll
447,6/28/2018,08:27,cd,ltest.RL0
448,6/28/2018,08:27,ll
449,6/28/2018,08:28,cd,src
450,6/28/2018,08:28,ll
451,6/28/2018,08:28,lsyncd,/tmp/ltest.RL0/config.lua
452,6/28/2018,08:30,cd,..
453,6/28/2018,08:30,ll
454,6/28/2018,08:30,cd,,,
455,6/28/2018,08:30,cd,.
456,6/28/2018,08:30,cd,..
457,6/28/2018,08:30,rm,-rf,./ltest.RL0
458,6/28/2018,08:30,lua,tests/filter-rsync.lua
459,6/28/2018,08:30,ll
460,6/28/2018,08:30,cd,ltest.6XE
461,6/28/2018,08:31,lsyncd,/tmp/ltest.6XE/config.lua
462,6/28/2018,08:31,cd,trg
463,6/28/2018,08:31,ll
464,6/28/2018,08:31,exit
465,6/28/2018,08:31,cd,../..
466,6/28/2018,08:31,ll
467,6/28/2018,08:32,rm,-rf,ltest.6XE
468,6/28/2018,08:32,ll
469,6/28/2018,08:33,lua,tests/filter-rsync.lua
470,6/28/2018,08:33,lsyncd,/tmp/ltest.6XE/config.lua
471,6/28/2018,08:33,ll
472,6/28/2018,08:33,cd,ltest.13o
473,6/28/2018,08:33,lsyncd,/tmp/ltest.13o/config.lua
474,6/28/2018,08:33,cd,trg
475,6/28/2018,08:33,ll
476,6/28/2018,08:34,ls,-la,~
477,6/28/2018,08:34,cd,..
478,6/28/2018,08:34,cd,-
479,6/28/2018,08:34,ll
480,6/28/2018,08:34,cd,..
481,6/28/2018,08:34,ll
482,6/28/2018,08:34,cd,src
483,6/28/2018,08:34,ll
484,6/28/2018,08:35,echo,e43r2,>,abc
485,6/28/2018,08:35,cd,..
486,6/28/2018,08:35,cd,trg
487,6/28/2018,08:35,ll
488,6/28/2018,08:35,cd,-
489,6/28/2018,08:40,cd,..
490,6/28/2018,08:40,ll
491,6/28/2018,08:40,rm,-rf,ltest.13o
492,6/28/2018,08:40,ll
493,6/28/2018,08:40,ps,ax,|
494,6/28/2018,08:40,ps,ax,|,gre[,lsyncd
495,6/28/2018,08:40,ps,ax,|,grep,lsyncd
496,6/28/2018,08:40,kill,-9,20200
497,6/28/2018,08:40,ps,ax,|,grep,lsyncd
498,6/28/2018,08:40,clear
499,6/28/2018,08:41,ll
500,6/28/2018,08:41,lua,tests/filter-rsync.lua
501,6/28/2018,08:41,ll
502,6/28/2018,08:41,cd,ltest.AkU
503,6/28/2018,08:41,ll
504,6/28/2018,08:41,cd,src
505,6/28/2018,08:41,ll
506,6/28/2018,08:41,lsyncd,/tmp/ltest.AkU/config.lua
507,6/28/2018,08:41,ll
508,6/28/2018,08:41,cd,..
509,6/28/2018,08:41,ll
510,6/28/2018,08:41,cd,trg
511,6/28/2018,08:42,ll
512,6/28/2018,08:42,cd,..
513,6/28/2018,08:42,ll
514,6/28/2018,08:42,rm,-rf,./ltest.AkU
515,6/28/2018,08:42,ll
516,6/28/2018,08:42,clear
517,6/28/2018,08:42,ll
518,6/28/2018,08:45,ps,ax,lsyncd
519,6/28/2018,08:45,ps,ax,|,grep,lsyncd
520,6/28/2018,08:45,ll
521,6/28/2018,08:45,clear
522,6/28/2018,08:45,ll
523,6/28/2018,08:46,cd,~/myGitRepositories/customized-workspace/Ubuntu
524,6/28/2018,08:46,ll
525,6/28/2018,08:46,rm,-rf,*
526,6/28/2018,08:46,ll
527,6/28/2018,08:46,rm,-rf,./.*
528,6/28/2018,08:46,ll
529,6/28/2018,08:46,lsync,~/.config/lsyncd/backup-my-conf-and-dot-files.lua
530,6/28/2018,08:47,lsyncd,~/.config/lsyncd/backup-my-conf-and-dot-files.lua
531,6/28/2018,08:47,ps,ax,|,grep,lsyncd
532,6/28/2018,08:47,ubuntu
533,6/28/2018,08:47,ll
534,6/28/2018,08:48,watch,ls,la,--color
535,6/28/2018,08:48,watch,ls,-la,--color
536,6/28/2018,08:48,cd,~/
537,6/28/2018,08:48,l
538,6/28/2018,08:49,toch,blabla
539,6/28/2018,08:49,touch,blabla
540,6/28/2018,08:58,ps,ax,|,grep,lsyncd
541,6/28/2018,08:58,kill,-9,8005
542,6/28/2018,08:58,ll
543,6/28/2018,08:59,ps,ax,|,grep,lsyncd
544,6/28/2018,08:59,ll
545,6/28/2018,08:59,rm,rf,*
546,6/28/2018,08:59,ll
547,6/28/2018,08:59,rm,-rf,.=*
548,6/28/2018,08:59,rm,-rf,.*
549,6/28/2018,08:59,ll
550,6/28/2018,08:59,clear
551,6/28/2018,08:59,ll
552,6/28/2018,09:01,reboot
553,6/28/2018,09:12,tmuxinator,android-setup
554,6/28/2018,09:12,mpsyt
555,6/28/2018,09:12,cd,~/.AndroidStudio3.1/system/log,&&,cat,./idea.log,|,grep,error
556,6/28/2018,09:12,cd,~/AndroidStudioProjects
557,6/28/2018,09:12,cd,/home/gil_diy
558,6/28/2018,09:12,adb,shell
559,6/28/2018,09:12,ps,ax
560,6/28/2018,09:15,ps,ax,|,grep,lsyncd
561,6/28/2018,09:15,sublime,~/.config/lsyncd
562,6/28/2018,09:16,sublime,~/.config/lsyncd/backup-my-conf-and-dot-files.lua
563,6/28/2018,09:17,lsyncd,--version
564,6/28/2018,09:20,lsyncd,~/.config/lsyncd/backup-my-conf-and-dot-files.lua
565,6/28/2018,09:20,ubuntu
566,6/28/2018,09:20,ll
567,6/28/2018,09:20,cd,.config
568,6/28/2018,09:20,ll
569,6/28/2018,09:20,cd,lsyncd
570,6/28/2018,09:20,ll
571,6/28/2018,09:20,subl,./backup-my-conf-and-dot-files.lua
572,6/28/2018,09:21,subl,~/.config/lsyncd/backup-my-conf-and-dot-files.lua
573,6/28/2018,09:21,lua,--version
574,6/28/2018,09:21,lua,--v
575,6/28/2018,09:22,lua,-v
576,6/28/2018,09:23,ll
577,6/28/2018,09:23,ag,using
578,6/28/2018,09:23,cdg
579,6/28/2018,09:23,cd,..
580,6/28/2018,09:23,cd,.
581,6/28/2018,09:23,cd,..
582,6/28/2018,09:23,ll
583,6/28/2018,09:23,git,status
584,6/28/2018,09:24,ll
585,6/28/2018,09:24,cd,Ubuntu
586,6/28/2018,09:24,ll
587,6/28/2018,09:24,cd,.config
588,6/28/2018,09:24,ll
589,6/28/2018,09:24,cd,lsyncd
590,6/28/2018,09:24,ll
591,6/28/2018,09:24,rm,./simple.lua
592,6/28/2018,09:24,ll
593,6/28/2018,09:24,rm,./files.list
594,6/28/2018,09:24,ll
595,6/28/2018,09:24,rm,./simple-files.list
596,6/28/2018,09:24,ll
597,6/28/2018,09:25,cd,.....
598,6/28/2018,09:25,xs,customized-workspace
599,6/28/2018,09:25,ll
600,6/28/2018,09:25,cd,customized-workspace
601,6/28/2018,09:25,ll
602,6/28/2018,09:25,git,status
603,6/28/2018,09:25,git,add,.
604,6/28/2018,09:26,git,commit,-m,"lua,script,was,updated,thanks,to,a,new,cutting,edge,feature,in,lsyncd,:),",.
605,6/28/2018,09:26,git,push
606,6/28/2018,09:30,ll
607,6/28/2018,09:30,cd,Ubuntu
608,6/28/2018,09:30,l
609,6/28/2018,09:30,ll
610,6/28/2018,09:30,cd,.config
611,6/28/2018,09:30,ll
612,6/28/2018,09:30,cd,..
613,6/28/2018,09:30,cd,-
614,6/28/2018,09:30,cd,lsyncd
615,6/28/2018,09:30,ll
616,6/28/2018,09:30,cd,....
617,6/28/2018,09:31,git,status
618,6/28/2018,09:33,cd,/etc/
619,6/28/2018,09:34,sublime,./init.d/lsyncd
620,6/28/2018,09:36,cd,/var
621,6/28/2018,09:36,cd,lo
622,6/28/2018,09:36,cd,log
623,6/28/2018,09:36,ll
624,6/28/2018,09:36,ag,lsyncd
625,6/28/2018,09:47,/etc/init.d/lsyncd,start
626,6/28/2018,09:47,ps,ax,|,grep,lsyncd
627,6/28/2018,09:48,kill,-9,6527
628,6/28/2018,09:48,clear
629,6/28/2018,09:48,ps,ax,|,grep,lsyncd
630,6/28/2018,09:48,/etc/init.d/lsyncd,start
631,6/28/2018,09:48,ps,ax,|,grep,lsyncd
632,6/28/2018,09:49,cd,/etc/init.d
633,6/28/2018,09:49,ll,|,grep,lsyncd
634,6/28/2018,09:50,sudo,subl,./lsyncd
635,6/28/2018,09:50,/etc/init.d/lsyncd,start
636,6/28/2018,09:50,sudo,/etc/init.d/lsyncd,start
637,6/28/2018,09:50,ps,ax,|,grep,lsyncd
638,6/28/2018,09:51,sudo,kill,-9,15538
639,6/28/2018,09:51,clear
640,6/28/2018,09:51,ll
641,6/28/2018,09:51,clear
642,6/28/2018,09:51,ll
643,6/28/2018,09:52,clear
644,6/28/2018,09:52,ll
645,6/28/2018,09:52,sudo,/etc/init.d/lsyncd,start
646,6/28/2018,09:52,cd,/etc
647,6/28/2018,09:52,ag,72732355751824
648,6/28/2018,09:52,sudo,ag,72732355751824
649,6/28/2018,09:54,sudo,subl,/etc/init.d/lsyncd
650,6/28/2018,09:55,ps,ax,|,grep,lsyncd
651,6/28/2018,09:55,sudo,kill,-9,17085
652,6/28/2018,09:55,clear
653,6/28/2018,09:55,ll
654,6/28/2018,09:55,ps,ax,|,grep,lsyncd
655,6/28/2018,09:55,sudo,/etc/init.d/lsyncd,start
656,6/28/2018,09:55,ps,ax,|,grep,lsyncd
657,6/28/2018,09:56,sudo,subl,/etc/init.d/lsyncd
658,6/28/2018,09:57,ps,ax,|,grep,lsyncd
659,6/28/2018,09:57,sudo,/etc/init.d/lsyncd,start
660,6/28/2018,09:57,cd,~
661,6/28/2018,09:57,ll,|,grep,gil
662,6/28/2018,09:57,ll,|,grep,gil_log
663,6/28/2018,09:58,sudo,sh,/etc/init.d/lsyncd,start
664,6/28/2018,09:58,ll,|,grep,gil_log
665,6/28/2018,09:58,ps,ax,|,grep,lsyncd
666,6/28/2018,09:58,sudo,sh,/etc/init.d/lsyncd
667,6/28/2018,09:59,ps,ax,|,grep,lsyncd
668,6/28/2018,10:01,ll
669,6/28/2018,10:02,ll,|,grep,gil_log
670,6/28/2018,10:02,ll,|,grep,gil_log.txt
671,6/28/2018,10:02,sudo,/etc/init.d/lsyncd,start
672,6/28/2018,10:03,which,sh
673,6/28/2018,10:04,sudo,/etc/init.d/lsyncd,start
674,6/28/2018,10:04,ps,ax,|,grep,lsyncd
675,6/28/2018,10:05,sudo,sh,/etc/init.d/lsyncd
676,6/28/2018,10:05,ps,ax,|,grep,lsyncd
677,6/28/2018,10:05,sudo,sh,/etc/init.d/lsyncd
678,6/28/2018,10:06,which,lsyncd
679,6/28/2018,10:07,sudo,/etc/init.d/lsyncd,start
680,6/28/2018,10:07,ps,ax,|,grep,lsyncd
681,6/28/2018,10:08,systemctl,daemon-reload'
682,6/28/2018,10:08,systemctl,daemon-reload
683,6/28/2018,10:08,sudo,/etc/init.d/lsyncd,start
684,6/28/2018,10:08,ps,ax,|,grep,lsyncd
685,6/28/2018,10:08,sudo,/etc/init.d/lsyncd,start
686,6/28/2018,10:09,systemctl,daemon-reload
687,6/28/2018,10:09,sudo,/etc/init.d/lsyncd,start
688,6/28/2018,10:09,ps,ax,|,grep,lsyncd
689,6/28/2018,10:11,sudo,/etc/init.d/lsyncd,start
690,6/28/2018,10:11,systemctl,daemon-reload
691,6/28/2018,10:11,sudo,/etc/init.d/lsyncd,start
692,6/28/2018,10:11,ps,ax,|,grep,lsyncd
693,6/28/2018,10:12,sudo,/etc/init.d/lsyncd,start
694,6/28/2018,10:12,systemctl,daemon-reload
695,6/28/2018,10:12,sudo,/etc/init.d/lsyncd,start
696,6/28/2018,10:13,cd,/etc
697,6/28/2018,10:13,ag,Startingggg
698,6/28/2018,10:13,cd,/var
699,6/28/2018,10:13,ag,Startingggg
700,6/28/2018,10:13,sudo,ag,Startingggg
701,6/28/2018,10:15,sudo,/etc/init.d/lsyncd,start
702,6/28/2018,10:15,systemctl,daemon-reload
703,6/28/2018,10:15,sudo,/etc/init.d/lsyncd,start
704,6/28/2018,10:15,ag,Gil_have_you_found_log
705,6/28/2018,10:15,sudo,ag,Gil_have_you_found_log
706,6/28/2018,10:16,cd,/
707,6/28/2018,10:16,sudo,ag,Gil_have_you_found_log
708,6/28/2018,10:17,systemctl,daemon-reload
709,6/28/2018,10:17,sudo,/etc/init.d/lsyncd,start
710,6/28/2018,10:19,sublime,/lib/lsb/init-functions
711,6/28/2018,10:21,sublime,init.d/lsyncd
712,6/28/2018,10:21,sudo,sublime,init.d/lsyncd
713,6/28/2018,10:22,exit
714,6/28/2018,10:26,tmuxinator,android-setup
715,6/28/2018,10:26,cd,~/.AndroidStudio3.1/system/log,&&,cat,./idea.log,|,grep,error
716,6/28/2018,10:26,cd,/home/gil_diy
717,6/28/2018,10:26,cd,~/AndroidStudioProjects
718,6/28/2018,10:26,adb,shell
719,6/28/2018,10:26,mpsyt
720,6/28/2018,10:27,ag,"cd,/home/gil_diy"
721,6/28/2018,10:27,clear
722,6/28/2018,10:27,ll
723,6/28/2018,10:28,cd,.tmux
724,6/28/2018,10:28,ll
725,6/28/2018,10:28,cd,plugins
726,6/28/2018,10:28,ll
727,6/28/2018,10:28,cd,~
728,6/28/2018,10:28,pwd
729,6/28/2018,10:28,ll
730,6/28/2018,10:29,ps,ax,|,grep,lsync
731,6/28/2018,10:29,pwd
732,6/28/2018,10:29,ll
733,6/28/2018,10:29,pwd
734,6/28/2018,10:30,ubuntu
735,6/28/2018,10:30,ll
736,6/28/2018,10:30,sublime,~/.zshrc
737,6/28/2018,10:32,ll
738,6/28/2018,10:52,git,status
739,6/28/2018,10:53,cd,~/.config/lsyncd
740,6/28/2018,10:53,ll
741,6/28/2018,10:54,rm,./files.list,./simple-files.list
742,6/28/2018,10:54,subl,./simple.lua
743,6/28/2018,10:54,ll
744,6/28/2018,10:54,cd,-
745,6/28/2018,10:54,ll
746,6/28/2018,10:55,git,status
747,6/28/2018,10:55,cd,.config/lsyncd
748,6/28/2018,10:55,ll
749,6/28/2018,10:55,git,add,.zshrc
750,6/28/2018,10:55,ll
751,6/28/2018,10:55,cd,...
752,6/28/2018,10:55,cd,..
753,6/28/2018,10:56,git,status
754,6/28/2018,10:56,git,add,Ubuntu/.config/lsyncd/simple.lua
755,6/28/2018,10:57,commit,-m,"A,lua,script,I,wrote,demostrating,inlet,fucntionality",Ubuntu/.config/lsyncd/simple.lua
756,6/28/2018,10:57,git,commit,-m,"A,lua,script,I,wrote,demostrating,inlet,fucntionality",Ubuntu/.config/lsyncd/simple.lua
757,6/28/2018,10:57,git,add,Ubuntu/.zshrc
758,6/28/2018,10:58,subl,/etc/init.d/lsyncd
759,6/28/2018,11:01,mkdir,~/.config/lsyncd/init_script
760,6/28/2018,11:01,cp,/etc/init.d/lsyncd,~/.config/lsyncd/init_script
761,6/28/2018,11:01,cd,-
762,6/28/2018,11:01,ll
763,6/28/2018,11:01,cd,~/.config/lsyncd/init_script
764,6/28/2018,11:01,subl,./lsyncd
765,6/28/2018,11:12,ubuntu
766,6/28/2018,11:12,ll
767,6/28/2018,11:12,git,status
768,6/28/2018,11:13,cd,.config/lsyncd/init_script
769,6/28/2018,11:13,ll
770,6/28/2018,11:13,cat,./lsyncd
771,6/28/2018,11:13,head,./lsyncd
772,6/28/2018,11:13,git,status
773,6/28/2018,11:13,cd,ubu
774,6/28/2018,11:13,ubuntu
775,6/28/2018,11:13,ll
776,6/28/2018,11:13,git,status
777,6/28/2018,11:14,diff,./.zshrc
778,6/28/2018,11:14,git,add,.config/lsyncd/init_script/
779,6/28/2018,11:14,pwd
780,6/28/2018,11:16,git,commit,-m,"lsyncd,-,Startup,script,for,systemd,was,added",.config/lsyncd/init_script/
781,6/28/2018,11:16,git,push
782,6/28/2018,11:18,ll
783,6/28/2018,11:18,watch
784,6/28/2018,11:18,watch,--color,-ls,-la,--color
785,6/28/2018,11:18,watch,--color,ls,-la,--color
786,6/28/2018,11:20,clear
787,6/28/2018,11:20,ll
788,6/28/2018,12:05,tesseract,--version
789,6/28/2018,12:05,cd,~
790,6/28/2018,12:05,ll
791,6/28/2018,12:05,cd,src-try
792,6/28/2018,12:05,ll
793,6/28/2018,12:05,cd,..
794,6/28/2018,12:05,ll
795,6/28/2018,12:06,mkdir,playground_for_lsyncd
796,6/28/2018,12:06,mv,-rf,./src-try,./playground_for_lsyncd
797,6/28/2018,12:06,mv,./src-try,./playground_for_lsyncd
798,6/28/2018,12:06,mv,./dst-try,./playground_for_lsyncd
799,6/28/2018,12:06,clear
800,6/28/2018,12:06,ll
801,6/28/2018,12:06,cd,Videos
802,6/28/2018,12:06,ll
803,6/28/2018,12:07,cd,..
804,6/28/2018,12:07,ll
805,6/28/2018,12:07,cd,Pictures
806,6/28/2018,12:07,ll
807,6/28/2018,12:07,cd,..
808,6/28/2018,12:07,ll
809,6/28/2018,12:07,cd,~/Downloads
810,6/28/2018,12:07,lll
811,6/28/2018,12:07,ll
812,6/28/2018,12:07,l
813,6/28/2018,12:07,cd,opencv-3.4.1
814,6/28/2018,12:07,ll
815,6/28/2018,12:07,cd,..
816,6/28/2018,12:07,ll
817,6/28/2018,12:08,cd,..
818,6/28/2018,12:08,ll
819,6/28/2018,12:08,find,.,-name,*.JPG
820,6/28/2018,12:08,find,.,-name,"*.JPG"
821,6/28/2018,12:08,find,.,-name,"*.kpg"
822,6/28/2018,12:08,find,.,-name,"*.jpg"
823,6/28/2018,12:09,cd,./AndroidStudioProjects/AndroidTessTwoOCR/filesResidesOnAndroideDevice/files/Pictures
824,6/28/2018,12:09,ll
825,6/28/2018,12:09,display,./JPEG_20180626_
826,6/28/2018,12:09,display,./JPEG_20180626_001720_-1069945931.jpg
827,6/28/2018,12:10,subl,~/.zshrc
828,6/28/2018,12:10,source,~/.zshrc
829,6/28/2018,12:10,dis,./JPEG_20180626_001720_-1069945931.jpg
830,6/28/2018,12:11,exif
831,6/28/2018,12:13,xeif
832,6/28/2018,12:13,apt-cache,search,xeif
833,6/28/2018,12:14,apt-cache,search,*xeif*
834,6/28/2018,12:14,apt-cache,search,"*xeif*"
835,6/28/2018,12:14,apt-cache,search,"*x*"
836,6/28/2018,12:14,apt-cache,search,git
837,6/28/2018,12:14,apt-cache,search,xi
838,6/28/2018,12:14,apt-cache,search,xief
839,6/28/2018,12:14,apt-cache,search,xie
840,6/28/2018,12:14,apt-cache,search,exif
841,6/28/2018,12:17,python,-v
842,6/28/2018,12:17,clear
843,6/28/2018,12:17,python,-v
844,6/28/2018,12:17,python,--Version
845,6/28/2018,12:17,python,--version
846,6/28/2018,12:17,apt-cache,search,exif
847,6/28/2018,12:19,apt-cache,show,python3-exif
848,6/28/2018,12:20,apt-cache,show,python3-exif,|,grep,date
849,6/28/2018,12:20,clear
850,6/28/2018,12:21,pip,install,exifread
851,6/28/2018,12:21,pip,install,exifread,--user
852,6/28/2018,12:22,pip,install,exifread
853,6/28/2018,12:22,EXIF.py
854,6/28/2018,12:22,clear
855,6/28/2018,12:22,ll
856,6/28/2018,12:22,EXIF.py,./JPEG_20180626_001618_1713557258.jpg
857,6/28/2018,12:25,ll
858,6/28/2018,12:25,cd,..
859,6/28/2018,12:25,ll
860,6/28/2018,12:25,mkdir,~/playground_for_OCR
861,6/28/2018,12:25,ll
862,6/28/2018,12:25,cp,-r,./Pictures,~/playground_for_OCR
863,6/28/2018,12:26,cd,-r,./Pictures
864,6/28/2018,12:26,ll
865,6/28/2018,12:26,cd,~/playground_for_
866,6/28/2018,12:26,cd,~/playground_for_OCR
867,6/28/2018,12:26,ll
868,6/28/2018,12:26,mv,./Pictures,mySmartphoneShots
869,6/28/2018,12:26,ll
870,6/28/2018,12:27,mkdir,niceOCRPhotos
871,6/28/2018,12:27,ll
872,6/28/2018,12:27,mv,./niceOCRPhotos,./niceOCR
873,6/28/2018,12:27,ll
874,6/28/2018,12:27,cd,niceOCR
875,6/28/2018,12:27,ll
876,6/28/2018,12:30,source,~/.zshrc
877,6/28/2018,12:31,exif
878,6/28/2018,12:31,ll
879,6/28/2018,12:31,pwd
880,6/28/2018,12:32,wget,-nd,-r,-P,.,-A,jpeg,jpg,bmp,gif,png,https://www.learnopencv.com/deep-learning-based-text-recognition-ocr-using-tesseract-and-opencv/
881,6/28/2018,12:36,ll
882,6/28/2018,12:37,dis,*
883,6/28/2018,12:38,rm,./AlexNet-1.png
884,6/28/2018,12:38,rm,./AlexNet-Resize-Crop-Input.jpg
885,6/28/2018,12:38,dis,*
886,6/28/2018,12:38,ll
887,6/28/2018,12:38,rm,./coco-mpi-keypoints.png
888,6/28/2018,12:38,ll
889,6/28/2018,12:38,dis,./*
890,6/28/2018,12:39,rm,computer-vision-for-faces.png
891,6/28/2018,12:39,dis,./*
892,6/28/2018,12:39,ll
893,6/28/2018,12:39,dis,confidence-left-shoulder.jpg
894,6/28/2018,12:39,rm,confidence-left-shoulder.jpg
895,6/28/2018,12:39,clear
896,6/28/2018,12:39,ll
897,6/28/2018,12:39,dis,OpenPose-683x1024.jpg
898,6/28/2018,12:40,rm,OpenPose*
899,6/28/2018,12:40,clear
900,6/28/2018,12:40,ll
901,6/28/2018,12:40,dis,./mpi-points.jpg
902,6/28/2018,12:40,rm,./mpi-points.jpg
903,6/28/2018,12:40,ll
904,6/28/2018,12:41,dis,openpose-body-architecture-1024x291.png
905,6/28/2018,12:41,dis,openpose-dance.gif
906,6/28/2018,12:41,rm,openpose-*
907,6/28/2018,12:41,ll
908,6/28/2018,12:41,dis,cropped-favicon-512x512-180x180.png
909,6/28/2018,12:42,rm,./cropped-favicon-512x512-*
910,6/28/2018,12:42,ll
911,6/28/2018,12:42,dis,mpi-points-683x1024.jpg
912,6/28/2018,12:42,rm,mpi-points-683x1024.jpg
913,6/28/2018,12:42,ll
914,6/28/2018,12:42,dis,ReluNonlinearity.png
915,6/28/2018,12:43,rm,./ReluNonlinearity.png
916,6/28/2018,12:43,ll
917,6/28/2018,12:43,rm,./ro
918,6/28/2018,12:43,rm,./robots.txt.tmp
919,6/28/2018,12:43,ll
920,6/28/2018,12:43,display,*
921,6/28/2018,12:43,rm,./heatmap-left-shoulder.jpg
922,6/28/2018,12:43,ll
923,6/28/2018,12:44,dis,./road-sign-3-300x112.jpg
924,6/28/2018,12:44,clear
925,6/28/2018,12:44,ll
926,6/28/2018,12:44,cd,~/playground_for_
927,6/28/2018,12:44,cd,playground_for_OCR
928,6/28/2018,12:44,ll
929,6/28/2018,12:44,clear
930,6/28/2018,12:44,ll
931,6/28/2018,12:44,cd,mySmartphoneShots
932,6/28/2018,12:44,ll
933,6/28/2018,12:45,exif,./JPEG_20180626_001618_1713557258.jpg
934,6/28/2018,12:45,ll
935,6/28/2018,12:45,exif,./receipt.png
936,6/28/2018,12:45,dis,./road-sign-1.jpg
937,6/28/2018,12:46,dis,receipt.png
938,6/28/2018,12:46,dis,./road-sign-2.jpg
939,6/28/2018,12:46,exif,./road-sign-2.jpg
940,6/28/2018,12:46,exif,./road-sign-3.jpg
941,6/28/2018,12:47,exif,./computer-vision.jpg
942,6/28/2018,12:47,exif,*
943,6/28/2018,12:49,clear
944,6/28/2018,12:49,ll
945,6/28/2018,12:50,history,|,grep,tessarct
946,6/28/2018,12:50,tesseract
947,6/28/2018,12:50,history,|,grep,tesseract
948,6/28/2018,12:50,history,|,grep,tess
949,6/28/2018,12:51,history
950,6/28/2018,12:51,subl,~/.zshrc
951,6/28/2018,13:35,ll
952,6/28/2018,13:39,exit
953,6/28/2018,13:40,clear
954,6/28/2018,13:40,subl,~/.zshrc
955,6/28/2018,13:42,tmuxinator,android-setup
956,6/28/2018,13:42,cd,~/.AndroidStudio3.1/system/log,&&,cat,./idea.log,|,grep,error
957,6/28/2018,13:42,cd,~/AndroidStudioProjects
958,6/28/2018,13:42,cd,/home/gil_diy
959,6/28/2018,13:42,adb,shell
960,6/28/2018,13:42,mpsyt
961,6/28/2018,13:43,tmuxinator,android-setup
962,6/28/2018,13:43,cd,~/.AndroidStudio3.1/system/log,&&,cat,./idea.log,|,grep,error
963,6/28/2018,13:43,mpsyt
964,6/28/2018,13:43,adb,shell
965,6/28/2018,13:43,cd,~/AndroidStudioProjects
966,6/28/2018,13:43,cd,/home/gil_diy
967,6/28/2018,13:43,cd,~/myGitRepositories
968,6/28/2018,13:43,ll
969,6/28/2018,13:43,cd,customized-workspace
970,6/28/2018,13:43,ll
971,6/28/2018,13:43,cd,macOS
972,6/28/2018,13:43,ll
973,6/28/2018,13:43,cdg
974,6/28/2018,13:43,ll
975,6/28/2018,13:43,cd,Ubuntu
976,6/28/2018,13:43,ll
977,6/28/2018,13:43,cd,.config
978,6/28/2018,13:43,ll
979,6/28/2018,13:43,cd,..
980,6/28/2018,13:43,ll
981,6/28/2018,13:43,subl,./.zshrc
982,6/28/2018,13:47,subl,~/.zshrc
983,6/28/2018,13:54,cd,~
984,6/28/2018,13:54,ag,SAVEHIST
985,6/28/2018,13:55,pwd
986,6/28/2018,13:56,ll,|,history
987,6/28/2018,13:56,ll,|,grep,history
988,6/28/2018,13:56,subl,./.zsh_history
989,6/28/2018,13:57,tmuxinator,android-setup
990,6/28/2018,13:57,history
991,6/28/2018,13:58,ag,zsh_history
992,6/28/2018,14:01,find,.,-name,history.zsh
993,6/28/2018,14:03,source,~/.zshrc
994,6/28/2018,14:03,clear
995,6/28/2018,14:04,ubuntu
996,6/28/2018,14:04,ll
997,6/28/2018,14:04,git,status
998,6/28/2018,14:04,git,diff,.config/lsyncd/backup-my-conf-and-dot-files.lua
999,6/28/2018,14:05,git,add,.config/lsyncd/backup-my-conf-and-dot-files.lua
1000,6/28/2018,14:05,git,commit,-m,"Removing,leftovers",.config/lsyncd/backup-my-conf-and-dot-files.lua
1001,6/28/2018,14:05,git,push
1002,6/28/2018,14:06,git,add,.zshrc
1003,6/28/2018,14:07,git,commit,-m,"Cleaning,work...",.zshrc
1004,6/28/2018,14:07,git,push
1005,6/28/2018,14:09,cd,~/myGitRepositories/ll
1006,6/28/2018,14:09,cd,~/myGitRepositories/tesseract/src/textord
1007,6/28/2018,14:09,ll
1008,6/28/2018,14:09,cdg
1009,6/28/2018,19:47,exit
1010,6/28/2018,20:15,subl,~/.zshrc
1011,6/28/2018,20:16,cd,/home/gil_diy
1012,6/28/2018,20:16,cd,~/AndroidStudioProjects
1013,6/28/2018,20:16,adb,shell
1014,6/28/2018,20:16,mpsyt
1015,6/28/2018,20:16,cd,~/.AndroidStudio3.1/system/log,&&,cat,./idea.log,|,grep,error
1016,6/28/2018,20:16,exit
1017,6/28/2018,20:17,cd,~/AndroidStudioProjects
1018,6/28/2018,20:17,adb,shell
1019,6/28/2018,20:17,cd,/home/gil_diy
1020,6/28/2018,20:17,cd,~/.AndroidStudio3.1/system/log,&&,cat,./idea.log,|,grep,error
1021,6/28/2018,20:17,mpsyt
1022,6/28/2018,20:17,cd,~/.config/tmuxinator
1023,6/28/2018,20:17,ll
1024,6/28/2018,20:17,cd,..
1025,6/28/2018,20:17,cd,.
1026,6/28/2018,20:17,ll
1027,6/28/2018,20:17,cd,..
1028,6/28/2018,20:17,ll
1029,6/28/2018,20:18,find,.,-name,android-setup
1030,6/28/2018,20:18,find,.,-name,*android-setup*
1031,6/28/2018,20:18,find,.,-name,"*android-setup*"
1032,6/28/2018,20:18,subl,~/.config/tmuxinator/android-setup.yml
1033,6/28/2018,20:19,cd,~/AndroidStudioProjects
1034,6/28/2018,20:19,mpsyt
1035,6/28/2018,20:19,cd,/home/gil_diy
1036,6/28/2018,20:19,cd,~/.AndroidStudio3.1/system/log,&&,cat,./idea.log,|,grep,error
1037,6/28/2018,20:19,clear
1038,6/28/2018,20:19,adb,shell
1039,6/28/2018,20:25,pwd
1040,6/28/2018,20:25,clear
1041,6/28/2018,20:28,cd,~/playground_for_OCR
1042,6/28/2018,20:28,oo
1043,6/28/2018,20:28,ll
1044,6/28/2018,20:28,cd,niceOCR
1045,6/28/2018,20:28,exif,*
1046,6/28/2018,20:30,tesseract,receipt.png,stdout,-l,eng,--oem,1,--psm,3
1047,6/28/2018,20:30,tesseract,*,stdout,-l,eng,--oem,1,--psm,3
1048,6/28/2018,20:30,tesseract,road-sign-1.jpg,stdout,-l,eng,--oem,1,--psm,3
1049,6/28/2018,20:31,dis,./road-sign-1.jpg
1050,6/28/2018,20:34,cd,ll
1051,6/28/2018,20:34,pwd
1052,6/28/2018,20:34,gitrep
1053,6/28/2018,20:34,cd,~/myGitRepositories
1054,6/28/2018,20:34,ll
1055,6/28/2018,20:35,subl,~/.zshrc
1056,6/28/2018,20:35,source,~/.zshrc
1057,6/28/2018,20:35,cd,~/playground_for_
1058,6/28/2018,20:35,cd,~/playground_for_OCR
1059,6/28/2018,20:35,gitrep
1060,6/28/2018,20:35,cd,-
1061,6/28/2018,20:36,ll
1062,6/28/2018,20:37,mkdir,Question
1063,6/28/2018,20:37,cd,niceOCR
1064,6/28/2018,20:37,ll
1065,6/28/2018,20:37,dis,./road-sign-1.jpg
1066,6/28/2018,20:37,dis,./road-sign-2.jpg
1067,6/28/2018,20:37,tesseract,road-sign-2.jpg,stdout,-l,eng,--oem,1,--psm,3
1068,6/28/2018,20:37,dis,./road-sign-2.jpg
1069,6/28/2018,20:38,cp,./road-sign-2.jpg,../Question
1070,6/28/2018,20:39,dis,road-sign-3.jpg
1071,6/28/2018,20:39,tesseract,road-sign-3.jpg,stdout,-l,eng,--oem,1,--psm,3
1072,6/28/2018,20:39,dis,./road-sign-3-300x112.jpg
1073,6/28/2018,20:40,dis,./computer-vision.jpg
1074,6/28/2018,20:40,tesseract,./computer-vision.jpg
1075,6/28/2018,20:40,tesseract,computer-vision.jpg,stdout,-l,eng,--oem,1,--psm,3
1076,6/28/2018,20:40,ll
1077,6/28/2018,20:40,cd,..
1078,6/28/2018,20:40,ll
1079,6/28/2018,20:41,cd,mySmartphoneShots
1080,6/28/2018,20:41,ll
1081,6/28/2018,20:41,dis,*
1082,6/28/2018,20:43,cd,..
1083,6/28/2018,20:43,ll
1084,6/28/2018,20:43,cd,Question
1085,6/28/2018,20:43,ll
1086,6/28/2018,20:44,tesseract,JPEG_20180626_145636_1713557258.jpg,stdout,-l,eng,--oem,1,--psm,3
1087,6/28/2018,20:51,tesseract,--version
1088,6/28/2018,21:04,ll
1089,6/28/2018,21:04,mv,./JPEG_20180626_145636_1713557258.jpg,myShot.jpg
1090,6/28/2018,21:04,ll
1091,6/28/2018,21:05,mv,./road-sign-2.jpg,tutorialShot.jpg
1092,6/28/2018,21:05,ll
1093,6/28/2018,21:11,sublime
1094,6/28/2018,21:19,ll
1095,6/28/2018,21:19,exif,./myShot.jpg
1096,6/28/2018,21:19,exif,./myShot.jpg,|,grep,dpi
1097,6/28/2018,21:19,exif,./myShot.jpg,|,grep,DPI
1098,6/28/2018,21:20,file,./myShot.jpg
1099,6/28/2018,21:21,dpi
1100,6/28/2018,21:21,file,-verbose,./myShot.jpg
1101,6/28/2018,21:22,mediainfo
1102,6/28/2018,21:24,apt-cache,search,imageMagick
1103,6/28/2018,21:25,apt-cache,search,imageMagick7
1104,6/28/2018,21:25,apt-cache,search,imageMagick*7
1105,6/28/2018,21:25,apt-cache,search,"imageMagick*7"
1106,6/28/2018,21:25,apt-cache,search,"imageMagick"
1107,6/28/2018,21:25,apt-cache,search,"imageMagick",|,grep,7
1108,6/28/2018,21:25,cd,~/Downloads
1109,6/28/2018,21:25,ll
1110,6/28/2018,21:25,git,clone,https://github.com/ImageMagick/ImageMagick.git
1111,6/28/2018,21:41,ll
1112,6/28/2018,21:41,cd,ImageMagick
1113,6/28/2018,21:41,ll
1114,6/28/2018,21:42,subl,./Install-unix.txt
1115,6/28/2018,21:42,pwd
1116,6/28/2018,21:42,ll
1117,6/28/2018,21:42,./configure
1118,6/28/2018,21:44,make
1119,6/28/2018,21:45,ll
1120,6/28/2018,21:45,checkinstall
1121,6/28/2018,21:51,man,apt
1122,6/28/2018,21:52,clear
1123,6/28/2018,22:20,tesseract,--print-parameters
1124,6/28/2018,22:20,tesseract
1125,6/28/2018,22:20,tesseract,--lis-langs
1126,6/28/2018,22:20,tesseract,--list-langs
1127,6/28/2018,22:21,tesseract,--help-extra
1128,6/28/2018,22:21,tesseract,--print-parameters
1129,6/28/2018,22:29,history,|,grep,tesseract
1130,6/28/2018,22:29,cd,~/playground_for_OCR
1131,6/28/2018,22:29,ll
1132,6/28/2018,22:29,cd,Question
1133,6/28/2018,22:29,ll
1134,6/28/2018,22:30,tesseract,myShot.jpg,stdout,-l,eng,--oem,1,--psm,3,-c,tessedit_write_images=1
1135,6/28/2018,22:30,tesseract,myShot.jpg,stdout,-l,eng,-c,tessedit_write_images=1
1136,6/28/2018,22:30,ll
1137,6/28/2018,22:31,dis,tessinput.tif
1138,6/28/2018,22:32,dis,myShot.jpg
1139,6/28/2018,22:33,cd,~/Downloads
1140,6/28/2018,22:33,ll
1141,6/28/2018,22:34,cd,ImageMagick
1142,6/28/2018,22:34,ll
1143,6/28/2018,22:34,subl,./Install-unix.txt
1144,6/28/2018,22:35,make
1145,6/28/2018,22:35,make,install
1146,6/28/2018,22:35,display
1147,6/28/2018,22:37,ll
1148,6/28/2018,22:37,cd,~/playground_for_
1149,6/28/2018,22:37,cd,~/playground_for_OCR
1150,6/28/2018,22:37,ll
1151,6/28/2018,22:37,cd,Question
1152,6/28/2018,22:37,ll
1153,6/28/2018,22:37,dis,myShot.jpg
1154,6/28/2018,22:39,ll
1155,6/28/2018,22:40,tesseract,myShot_rotate.jpg,stdout,-l,eng,--oem,1,--psm,3,-c,tessedit_write_images=1
1156,6/28/2018,22:40,ll
1157,6/28/2018,22:40,dis,./tessinput.tif
1158,6/28/2018,22:40,tesseract,myShot_rotate.jpg,stdout,-l,eng,--oem,1,--psm,3
1159,6/28/2018,22:44,dis,./myShot.jpg
1160,6/28/2018,22:44,dis,./myShot_rotate.jpg
1161,6/28/2018,22:44,dis,./tessinput.tif
1162,6/28/2018,22:47,tesseract,myShot_rotate.jpg,stdout,-l,eng,--oem,1,--psm,3,-c,tessedit_write_imatrgresges=1
1163,6/28/2018,22:49,tesseract,--print-parameters
1164,6/28/2018,22:52,tesseract,myShot_rotate.jpg,stdout,-l,eng,--oem,1,--psm,3,-c,textord_heavy_n=1
1165,6/28/2018,22:54,cd,~/Downloads
1166,6/28/2018,22:54,ll
1167,6/28/2018,22:54,git,clone,https://github.com/tesseract-ocr/tesseract
1168,6/28/2018,23:15,ll
1169,6/28/2018,23:15,cd,~/playground_for_OCR
1170,6/28/2018,23:15,ll
1171,6/28/2018,23:15,cd,Question
1172,6/28/2018,23:15,ll
1173,6/28/2018,23:16,convert
1174,6/28/2018,23:17,convert,-resize,50%,./myShot.jpg,myShot_smaller.jpg
1175,6/28/2018,23:17,dis,./myShot_smaller.jpg
1176,6/28/2018,23:17,convert,|,grep,rotate
1177,6/28/2018,23:18,convert,-rotate,90,myShot_smaller.jpg,./myShot_smaller_rotate.jpg
1178,6/28/2018,23:18,ll
1179,6/28/2018,23:19,display,myShot_smaller_rotate.jpg
1180,6/28/2018,23:20,convert,-resize,50%,./myShot_smaller_rotate.jpg,myShot_smaller_smaller_rotate.jpg
1181,6/28/2018,23:20,ll
1182,6/28/2018,23:20,display,./myShot_smaller_smaller_rotate.jpg
1183,6/28/2018,23:20,history,|,grep,tesseract
1184,6/28/2018,23:21,tesseract,./myShot_smaller_smaller_rotate.jpg,stdout,-l,eng,--oem,1,--psm,3
1185,6/28/2018,23:21,tesseract,./myShot_smaller_rotate.jpg,stdout,-l,eng,--oem,1,--psm,3
1186,6/28/2018,23:22,display,./myShot_smaller_rotate.jpg
1187,6/28/2018,23:25,man,convert
1188,6/28/2018,23:25,convert,-v
1189,6/28/2018,23:25,convert,--version
1190,6/28/2018,23:48,tesseract,./Capture_from_ggoogle_groups.PNG,stdout,-l,eng,--oem,1,--psm,3
1191,6/29/2018,07:05,histg,tesseract
1192,6/29/2018,07:05,cd,~/Downloads
1193,6/29/2018,07:06,cd,tesseract
1194,6/29/2018,07:06,ag,tessedit_write_imatrgresges
1195,6/29/2018,07:06,ll
1196,6/29/2018,07:06,ag,write_imatrgresges
1197,6/29/2018,07:06,ag,tessedit_write_images
1198,6/29/2018,07:07,subl,src/ccmain/tesseractclass.h
1199,6/29/2018,07:07,ag,BOOL_VAR_H
1200,6/29/2018,07:36,ag,tessedit_write_images
1201,6/29/2018,07:36,ag,BOOL_VAR_H
1202,6/29/2018,07:37,ag,BOOL_VAR_H,>,~/Desktop/tesseract_parameters
1203,6/29/2018,07:37,subl,~/Desktop/tesseract
1204,6/29/2018,07:37,subl,~/Desktop/tesseract_parameters
1205,6/29/2018,07:38,catg
1206,6/29/2018,08:48,ag,tessedit_char_blacklist
1207,6/29/2018,08:48,subl,~/Desktop/tesseract_parameters
1208,6/29/2018,08:48,ag,STRING_MEMBER
1209,6/29/2018,09:03,ag,tessedit_char_blacklist
1210,6/29/2018,09:04,ag,STRING_VAR_H
1211,6/29/2018,09:05,ag,STRING_VAR_H,>>,~/Desktop/tesseract_parameters
1212,6/29/2018,09:06,man,tesseract
1213,6/29/2018,09:20,ll
1214,6/29/2018,09:20,cd,~/playground_for_OCR
1215,6/29/2018,09:20,ll
1216,6/29/2018,09:20,cd,Question
1217,6/29/2018,09:20,ll
1218,6/29/2018,09:20,tesseract,./Capture_from_ggoogle_groups.PNG,stdout,-l,eng,--oem,1,--psm,3
1219,6/29/2018,09:54,exit
1220,6/29/2018,09:54,zenity,--info,--text,"STRING"
1221,6/29/2018,09:55,notify-send,-u,critical,-i,info,'Command,execution,finished',"The,command,'$1',terminated,successfully"
1222,6/29/2018,09:56,cd,~/.config/lsyncd/
1223,6/29/2018,09:56,ll
1224,6/29/2018,09:56,subl,./backup-my-conf-and-dot-files.lua
1225,6/29/2018,10:02,cd,~/Downloads
1226,6/29/2018,10:02,ll
1227,6/29/2018,10:02,cd,lsyncd
1228,6/29/2018,10:02,ll
1229,6/29/2018,10:02,ag,success
1230,6/29/2018,10:03,subl,./examples/lpostcmd.lua
1231,6/29/2018,10:09,ag,post
1232,6/29/2018,10:15,progress
1233,6/29/2018,10:18,cd,~/Downloads
1234,6/29/2018,10:18,ll
1235,6/29/2018,10:18,git,clone
1236,6/29/2018,10:18,git,clone,https://github.com/Xfennec/progress.git
1237,6/29/2018,10:19,cd,progress
1238,6/29/2018,10:19,ll
1239,6/29/2018,10:19,make
1240,6/29/2018,10:19,ll
1241,6/29/2018,10:19,make
1242,6/29/2018,10:19,make,&&,make,install
1243,6/29/2018,10:20,make,PREFIX=~,install
1244,6/29/2018,10:20,sudo,make,install
1245,6/29/2018,10:21,progress
1246,6/29/2018,10:21,ll
1247,6/29/2018,10:22,pwd
1248,6/29/2018,10:22,cd,~/Downloads
1249,6/29/2018,10:22,ll
1250,6/29/2018,10:22,mkdir,junk
1251,6/29/2018,10:23,cp,./ImageMagick,junk,&,progress,-mp,$!
1252,6/29/2018,10:23,cp,./ImageMagick,junk
1253,6/29/2018,10:23,cp,-r,./ImageMagick,junk
1254,6/29/2018,10:23,ll
1255,6/29/2018,10:23,cd,junk
1256,6/29/2018,10:23,ll
1257,6/29/2018,10:23,rm,-rf,./ImageMagick
1258,6/29/2018,10:23,cd,..
1259,6/29/2018,10:23,cp,-r,./ImageMagick,junk,&,progress,-mp,$!
1260,6/29/2018,10:24,cd,~
1261,6/29/2018,10:24,ll
1262,6/29/2018,10:24,cd,Videos
1263,6/29/2018,10:24,ll
1264,6/29/2018,10:25,cp,-i,./Relax,impact_theory,&,progress,-mp,$!
1265,6/29/2018,10:25,cp,-r,./Relax,impact_theory,&,progress,-mp,$!
1266,6/29/2018,10:25,cp,-r,./Relax,impact_theory,|,progress,-mp,$!
1267,6/29/2018,10:26,cp,-r,./Relax,impact_theory
1268,6/29/2018,10:26,cp,-r,./Relax,impact_theory,&
1269,6/29/2018,10:26,progress,-v
1270,6/29/2018,10:26,progress,-w
1271,6/29/2018,10:26,cp,-r,./Relax,impact_theory,&
1272,6/29/2018,10:26,progress,-w
1273,6/29/2018,10:32,cp,ll
1274,6/29/2018,10:32,ll
1275,6/29/2018,10:32,cd,impact_theory
1276,6/29/2018,10:32,ll
1277,6/29/2018,10:32,rm,-rf,./Relax
1278,6/29/2018,10:32,cd,..
1279,6/29/2018,10:32,ll
1280,6/29/2018,10:32,rsync,-zvh,Relax,impact_theory
1281,6/29/2018,10:33,rsync,-azvh,Relax,impact_theory
1282,6/29/2018,10:34,cd,impact_theory
1283,6/29/2018,10:34,ll
1284,6/29/2018,10:34,rm,-rf,./Relax
1285,6/29/2018,10:34,cd,..
1286,6/29/2018,10:34,ll
1287,6/29/2018,10:34,rsync,-azvh,--progess,Relax,impact_theory
1288,6/29/2018,10:34,rsync,-azvh,--progress,Relax,impact_theory
1289,6/29/2018,10:39,lsyncd,--version
1290,6/29/2018,10:48,cd,~
1291,6/29/2018,10:48,cd,Downloads/lsyncd
1292,6/29/2018,10:48,ll
1293,6/29/2018,10:48,ag,post
1294,6/29/2018,10:49,subl,lsyncd.lua,+4045
1295,6/29/2018,10:49,subl,lsyncd.lua
1296,6/29/2018,11:02,cd,..
1297,6/29/2018,11:02,ll
1298,6/29/2018,11:02,chmod,+X,./ZeroBraneStudioEduPack-1.70-linux.sh
1299,6/29/2018,11:02,ll
1300,6/29/2018,11:02,chmod,+X,./ZeroBraneStudioEduPack-1.70-linux.sh
1301,6/29/2018,11:02,ll
1302,6/29/2018,11:02,chmod,+x,./ZeroBraneStudioEduPack-1.70-linux.sh
1303,6/29/2018,11:02,ll
1304,6/29/2018,11:02,./ZeroBraneStudioEduPack-1.70-linux.sh
1305,6/29/2018,11:03,ps,ax
1306,6/29/2018,11:03,ps,ax,|,grep,zero
1307,6/29/2018,11:03,ps,ax,|,grep,studio
1308,6/29/2018,11:03,which,zbstudio
1309,6/29/2018,11:14,histg,notifier
1310,6/29/2018,11:14,histg,noti
1311,6/29/2018,11:16,cd,lsyncd
1312,6/29/2018,11:16,ll
1313,6/29/2018,11:16,ag,post
1314,6/29/2018,11:19,ag,postcmd
1315,6/29/2018,11:30,rsync
1316,6/29/2018,11:30,which,rsync
1317,6/29/2018,11:35,ll
1318,6/29/2018,11:36,cd,~/playground_for_lsyncd
1319,6/29/2018,11:36,ll
1320,6/29/2018,11:36,cd,dst-try
1321,6/29/2018,11:36,ll
1322,6/29/2018,11:36,cd,..
1323,6/29/2018,11:36,cp,~/.config/lsyncd/backup-my-conf-and-dot-files.lua,.
1324,6/29/2018,11:36,ll
1325,6/29/2018,11:36,subl,./backup-my-conf-and-dot-files.lua
1326,6/29/2018,11:37,pwd
1327,6/29/2018,11:38,ll
1328,6/29/2018,11:38,ps,|,grep,lsyncd
1329,6/29/2018,11:38,kill,-9,1069
1330,6/29/2018,11:38,sudo,kill,-9,1069
1331,6/29/2018,11:39,ll
1332,6/29/2018,11:39,ps,|,grep,lsyncd
1333,6/29/2018,11:39,ll
1334,6/29/2018,11:39,cd,src-try
1335,6/29/2018,11:39,ll
1336,6/29/2018,11:39,cd,..
1337,6/29/2018,11:39,clear
1338,6/29/2018,11:39,ll
1339,6/29/2018,11:40,mv,./backup-my-conf-and-dot-files.lua,keep-it-simple.lus
1340,6/29/2018,11:40,mv,./keep-it-simple.lus,./keep-it-simple.lua
1341,6/29/2018,11:40,ll
1342,6/29/2018,11:40,lsyncd,./keep-it-simple.lua
1343,6/29/2018,11:40,sudo,lsyncd,./keep-it-simple.lua
1344,6/29/2018,11:40,ps,|,grep,lsyncd
1345,6/29/2018,11:40,ll
1346,6/29/2018,11:40,cd,dst-try
1347,6/29/2018,11:40,ll
1348,6/29/2018,11:41,kill,-9,2684
1349,6/29/2018,11:41,kill,-9,2084
1350,6/29/2018,11:41,sudo,kill,-9,2084
1351,6/29/2018,11:42,ls
1352,6/29/2018,11:42,ll
1353,6/29/2018,11:42,subl,handler.sh
1354,6/29/2018,11:42,histg,noti
1355,6/29/2018,11:44,ps,|,grep,lsyncd
1356,6/29/2018,11:44,ll
1357,6/29/2018,11:44,mv,./handler.sh,..
1358,6/29/2018,11:44,l
1359,6/29/2018,11:44,cd,..
1360,6/29/2018,11:44,ll
1361,6/29/2018,11:44,sudo,lsyncd,./keep-it-simple.lua
1362,6/29/2018,11:44,rm,./backup-my-conf-and-dot-files.lua
1363,6/29/2018,11:44,cd,src-try
1364,6/29/2018,11:44,ll
1365,6/29/2018,11:45,echo,1>a.txt
1366,6/29/2018,11:45,echo,1>.zshrc
1367,6/29/2018,11:45,cd,..
1368,6/29/2018,11:45,ll
1369,6/29/2018,11:45,cd,dst-try
1370,6/29/2018,11:45,ll
1371,6/29/2018,11:45,cat,./.shrc
1372,6/29/2018,11:45,cat,./.zshrc
1373,6/29/2018,11:46,cd,..
1374,6/29/2018,11:46,ll
1375,6/29/2018,11:46,cd,dst-try
1376,6/29/2018,11:46,ll
1377,6/29/2018,11:46,echo,"SHIT",>>,.zshrc
1378,6/29/2018,11:46,sudo,echo,"SHIT",>>,.zshrc
1379,6/29/2018,11:46,cd,..
1380,6/29/2018,11:46,ll
1381,6/29/2018,11:46,cd,src-try
1382,6/29/2018,11:46,ll
1383,6/29/2018,11:46,cat,./.zshrc
1384,6/29/2018,11:47,echo,NOW",>>,.zshrc
1385,6/29/2018,11:47,echo,"NOW",>>,.zshrc
1386,6/29/2018,11:47,cat,../dst-try/.zshrc
1387,6/29/2018,11:47,echo,"NOW21323",>>,.zshrc
1388,6/29/2018,11:47,cat,../dst-try/.zshrc
1389,6/29/2018,11:48,pwd
1390,6/29/2018,11:48,cd,..
1391,6/29/2018,11:48,ll
1392,6/29/2018,11:48,cd,-
1393,6/29/2018,11:49,echo,"NOW213458623",>>,.zshrc
1394,6/29/2018,11:49,cd,..
1395,6/29/2018,11:49,ll
1396,6/29/2018,11:49,cd,-
1397,6/29/2018,11:49,cat,../dst-try/.zshrc
1398,6/29/2018,11:49,echo,"NOW21345grfh8623",>>,.zshrc
1399,6/29/2018,11:49,cat,../dst-try/.zshrc
1400,6/29/2018,11:50,ps,ax
1401,6/29/2018,11:50,ps,ax,|,grep,lsyncd
1402,6/29/2018,11:50,sudo,kill,-9,4586
1403,6/29/2018,11:50,clear
1404,6/29/2018,11:50,ll
1405,6/29/2018,11:50,cd,..
1406,6/29/2018,11:50,ll
1407,6/29/2018,11:50,rm,./WORKSSS
1408,6/29/2018,11:50,clear
1409,6/29/2018,11:50,ll
1410,6/29/2018,11:51,sudo,lsyncd,./keep-it-simple.lua
1411,6/29/2018,11:51,echo,"Works?",>>,./src-try/.zshrc
1412,6/29/2018,11:51,ll
1413,6/29/2018,11:52,echo,"Works???",>>,./src-try/.zshrc
1414,6/29/2018,11:52,ll
1415,6/29/2018,11:52,echo,"Works???",>>,./src-try/.zshrc
1416,6/29/2018,11:52,ll
1417,6/29/2018,11:52,which,rsync
1418,6/29/2018,11:53,echo,"grere"
1419,6/29/2018,11:53,echo,$?
1420,6/29/2018,11:53,echo,"Works???",>>,./src-try/.zshrc
1421,6/29/2018,11:53,ll
1422,6/29/2018,11:54,echo,"Works???",>>,./src-try/.zshrc
1423,6/29/2018,11:54,ll
1424,6/29/2018,11:54,touch,/home/gil_diy/playground_for_lsyncd/WORKSSS
1425,6/29/2018,11:54,ll
1426,6/29/2018,11:54,rm,./WORKSSS
1427,6/29/2018,11:55,echo,"Works???",>>,./src-try/.zshrc
1428,6/29/2018,11:55,ll
1429,6/29/2018,11:55,echo,"Works???",>>,./src-try/.zshrc
1430,6/29/2018,11:55,ll
1431,6/29/2018,11:56,sublime,./keep-it-simple.lua
1432,6/29/2018,11:56,pwd
1433,6/29/2018,11:56,ll
1434,6/29/2018,11:56,rm,./backup-my-conf-and-dot-files.lua
1435,6/29/2018,11:57,pwd
1436,6/29/2018,11:57,echo,"Works???",>>,./src-try/.zshrc
1437,6/29/2018,11:57,ll
1438,6/29/2018,11:58,pkill,lsyncd
1439,6/29/2018,11:58,sudo,pkill,lsyncd
1440,6/29/2018,11:58,lsyncd,./keep-it-simple.lua
1441,6/29/2018,11:58,sudo,lsyncd,./keep-it-simple.lua
1442,6/29/2018,11:58,echo,"Works???",>>,./src-try/.zshrc
1443,6/29/2018,11:59,which,sh
1444,6/29/2018,11:59,echo,"Works???NOW",>>,./src-try/.zshrc
1445,6/29/2018,11:59,l
1446,6/29/2018,12:00,chmod,+X,./handler
1447,6/29/2018,12:00,chmod,+x,./handler.sh
1448,6/29/2018,12:00,./handler.sh
1449,6/29/2018,12:00,ll
1450,6/29/2018,12:00,subl,./handler.sh
1451,6/29/2018,12:00,./handler.sh
1452,6/29/2018,12:01,echo,"Works???NOW",>>,./src-try/.zshrc
1453,6/29/2018,12:02,ll
1454,6/29/2018,12:02,echo,"Works???NOW",>>,./src-try/.zshrc
1455,6/29/2018,12:02,cd,dst-try
1456,6/29/2018,12:02,ll
1457,6/29/2018,12:02,cat,./.zshrc
1458,6/29/2018,12:02,cd,..
1459,6/29/2018,12:02,ll
1460,6/29/2018,12:02,cd,src-try
1461,6/29/2018,12:02,ll
1462,6/29/2018,12:02,subl,.zshrc
1463,6/29/2018,12:02,cd,..
1464,6/29/2018,12:02,ll
1465,6/29/2018,12:02,cat,./dst-try/handler.sh
1466,6/29/2018,12:02,clear
1467,6/29/2018,12:03,ll
1468,6/29/2018,12:03,cd,./dst-try
1469,6/29/2018,12:03,ll
1470,6/29/2018,12:03,rm,./handler
1471,6/29/2018,12:03,rm,./handler.sh
1472,6/29/2018,12:03,cd,..
1473,6/29/2018,12:03,ll
1474,6/29/2018,12:03,echo,"works?",>>,src-try/.zshrc
1475,6/29/2018,12:03,ll
1476,6/29/2018,12:04,cat,./dst-try/.zshrc
1477,6/29/2018,12:04,ll
1478,6/29/2018,12:04,cd,dst-try
1479,6/29/2018,12:04,ll
1480,6/29/2018,12:04,rm,./.zshrc
1481,6/29/2018,12:04,ll
1482,6/29/2018,12:04,cd,..
1483,6/29/2018,12:04,ps,|,grep,lsyncd
1484,6/29/2018,12:05,lsyncd,./keep-it-simple.lua
1485,6/29/2018,12:05,sudo,lsyncd,./keep-it-simple.lua
1486,6/29/2018,12:05,clear
1487,6/29/2018,12:05,ll
1488,6/29/2018,12:05,echo,"works?",>>,src-try/.zshrc
1489,6/29/2018,12:05,cat,./dst-try/.zshrc
1490,6/29/2018,12:05,ll
1491,6/29/2018,12:05,cat,./dst-try/.zshrc
1492,6/29/2018,12:06,echo,"works?",>>,src-try/.zshrc
1493,6/29/2018,12:12,man,notify-send
1494,6/29/2018,12:13,echo,"works?",>>,src-try/.zshrc
1495,6/29/2018,12:13,man,notify-send
1496,6/29/2018,12:13,echo,"works?",>>,src-try/.zshrc
1497,6/29/2018,12:14,man,notify-send
1498,6/29/2018,12:15,notify-send,-v
1499,6/29/2018,12:16,notify-send,Test,"<font,size=16,color=blue><b><i>Hello,World</b></i></font>"
1500,6/29/2018,12:19,echo,"works?",>>,src-try/.zshrc
1501,6/29/2018,12:20,cp,./keep-it-simple.lua,./handler.sh,~/.config/lsyncd/
1502,6/29/2018,12:21,ll
1503,6/29/2018,12:21,cd,~/.config
1504,6/29/2018,12:21,ll
1505,6/29/2018,12:21,cd,lsyncd
1506,6/29/2018,12:21,ll
1507,6/29/2018,12:22,subl,./backup-my-conf-and-dot-files.lua
1508,6/29/2018,12:23,pwd
1509,6/29/2018,12:23,reboot
1510,6/29/2018,12:25,adb,shell
1511,6/29/2018,12:25,cd,/home/gil_diy
1512,6/29/2018,12:25,cd,~/AndroidStudioProjects
1513,6/29/2018,12:25,mpsyt
1514,6/29/2018,12:25,clear
1515,6/29/2018,12:25,pwd
1516,6/29/2018,12:25,ll
1517,6/29/2018,12:25,subl,~/.zshrc
1518,6/29/2018,12:28,source,~/.zshrc
1519,6/29/2018,12:28,psg,lsyncd
1520,6/29/2018,12:29,ubuntu
1521,6/29/2018,12:29,ll
1522,6/29/2018,12:30,cat,.zshrc
1523,6/29/2018,12:31,subl,~/.config/lsyncd/backup-my-conf-and-dot-files.lua
1524,6/29/2018,12:34,psg,lsyncd
1525,6/29/2018,12:34,sudo,kill,-9,1025
1526,6/29/2018,12:34,ll
1527,6/29/2018,12:34,psg,lsyncd
1528,6/29/2018,12:35,sudo,lsyncd,~/.config/lsyncd/backup-my-conf-and-dot-files.lua
1529,6/29/2018,12:38,reboot
1530,6/29/2018,12:25,cd,~/.AndroidStudio3.1/system/log,&&,cat,./idea.log,|,grep,error
1531,6/29/2018,12:39,cd,~/AndroidStudioProjects
1532,6/29/2018,12:39,cd,/home/gil_diy
1533,6/29/2018,12:39,cd,~/.AndroidStudio3.1/system/log,&&,cat,./idea.log,|,grep,error
1534,6/29/2018,12:39,adb,shell
1535,6/29/2018,12:39,clear
1536,6/29/2018,12:39,mpsyt
1537,6/29/2018,12:39,sublime,~/.zshrc
1538,6/29/2018,12:40,psg,lsyncd
1539,6/29/2018,12:41,cd,myGitRepositories/customized-workspace/Ubuntu
1540,6/29/2018,12:41,ll
1541,6/29/2018,12:41,watchl
1542,6/29/2018,12:45,subl,~/.config/lsyncd/keep-it-simple.lua
1543,6/29/2018,12:46,ll
1544,6/29/2018,12:46,ubuntu
1545,6/29/2018,12:46,cdg
1546,6/29/2018,12:46,git,status
1547,6/29/2018,12:47,git,add,Ubuntu/.config/tmuxinator/android-setup.yml
1548,6/29/2018,12:50,git,commit,-m,"Updated,android,development,environment",.
1549,6/29/2018,12:51,git,reset,HEAD~
1550,6/29/2018,12:51,git,status
1551,6/29/2018,12:51,git,add,Ubuntu/.config/tmuxinator/android-setup.yml
1552,6/29/2018,12:51,git,status
1553,6/29/2018,12:52,git,commit,-m,"Updated,android,development,environment",Ubuntu/.config/tmuxinator/android-setup.yml
1554,6/29/2018,12:52,git,add,Ubuntu/.config/lsyncd/backup-my-conf-and-dot-files.lua,Ubuntu/.config/lsyncd/handler.sh,Ubuntu/.config/lsyncd/keep-it-simple.lua
1555,6/29/2018,12:52,git,status
1556,6/29/2018,12:53,git,commit,-m,"Notifier,was,added,to,lsyncd,feature",Ubuntu/.config/lsyncd/backup-my-conf-and-dot-files.lua,Ubuntu/.config/lsyncd/handler.sh,Ubuntu/.config/lsyncd/keep-it-simple.lua
1557,6/29/2018,12:54,git,status
1558,6/29/2018,12:54,git,add,Ubuntu/.zshrc
1559,6/29/2018,12:55,git,commit,-m,"Shortcuts,shell,were,added,for,speeding,up,workflow",Ubuntu/.zshrc
1560,6/29/2018,12:55,git,push
1561,6/29/2018,12:58,clear
1562,6/29/2018,12:58,exit
1563,6/29/2018,13:33,leptonica
1564,6/29/2018,13:33,cd,~/Downloads
1565,6/29/2018,13:33,ll
1566,6/29/2018,13:33,download
1567,6/29/2018,13:34,cd,tesseract
1568,6/29/2018,13:34,ll
1569,6/29/2018,13:42,leptonica
1570,6/29/2018,13:42,ag,lptonica
1571,6/29/2018,13:42,ag,leptonica
1572,6/29/2018,13:44,ll
1573,6/29/2018,13:44,cd,~/Downloads
1574,6/29/2018,13:44,git,clone,https://github.com/DanBloomberg/leptonica.git
1575,6/29/2018,13:45,subl,INSTALL.GIT.md
1576,6/29/2018,13:51,leptonica
1577,6/29/2018,14:20,ls
1578,6/29/2018,14:20,clear
1579,6/29/2018,14:20,ll
1580,6/29/2018,14:20,clear
1581,6/29/2018,14:20,ll
1582,6/29/2018,14:21,apt-cache,redpends
1583,6/29/2018,14:22,apt-cache,rdepends,tofrodos
1584,6/29/2018,14:22,apt-cache,rdepends,tesseract-ocr
1585,6/29/2018,14:27,apt-cache,rdepends,tesseract-ocr,|,grep,leptonica
1586,6/29/2018,14:27,apt-cache,rdepends,tesseract-ocr,|,grep,ton
1587,6/29/2018,14:27,apt-cache,rdepends,tesseract-ocr,|,grep,toni
1588,6/29/2018,14:28,apt-cache,show,tesseract-ocr
1589,6/29/2018,14:28,apt-cache,show,tesseract-ocr,|,grep,lep
1590,6/29/2018,14:28,apt-cache,show,tesseract-ocr,|,grep,lepto
1591,6/29/2018,14:29,exit
1592,6/29/2018,14:31,ll
1593,6/29/2018,14:34,cubu
1594,6/29/2018,14:34,ubuntu
1595,6/29/2018,14:34,ll
1596,6/29/2018,14:34,cd,.config
1597,6/29/2018,14:34,ll
1598,6/29/2018,14:34,d,..
1599,6/29/2018,14:34,cd,..
1600,6/29/2018,14:34,ll
1601,6/29/2018,14:35,mkdir,useful-resources
1602,6/29/2018,14:35,cd,useful-resources
1603,6/29/2018,14:35,ll
1604,6/29/2018,14:35,cp,../../README.md
1605,6/29/2018,14:35,cp,../../README.md,.
1606,6/29/2018,14:35,ll
1607,6/29/2018,14:35,subl,README.md
1608,6/29/2018,14:38,ll
1609,6/29/2018,14:38,firefox,./README.html
1610,6/29/2018,14:51,dpkg,--get-selections
1611,6/29/2018,14:52,firefox,./README.html
1612,6/29/2018,14:56,subl,README.md
1613,6/29/2018,14:59,firefox,./README.html
1614,6/29/2018,15:08,dpkg
1615,6/29/2018,15:08,dpkg,--help
1616,6/29/2018,15:08,man,dpkg
1617,6/29/2018,15:13,histg,tesseract
1618,6/29/2018,15:14,firefox,./README.html
1619,6/29/2018,15:15,man,dpkg
1620,6/29/2018,15:17,dpkg-deb,actions,-c
1621,6/29/2018,15:17,dpkg-deb,actions,-c,tesseract-ocr
1622,6/29/2018,15:17,dpkg-deb,tesseract-ocr,-c
1623,6/29/2018,15:18,dpkg-deb,-c,alex-p/tesseract-ocr
1624,6/29/2018,15:18,dpkg-deb,-x,tesseract-ocr
1625,6/29/2018,15:19,ll
1626,6/29/2018,15:19,rm,./README.html
1627,6/29/2018,15:19,ll
1628,6/29/2018,15:19,cd,..
1629,6/29/2018,15:19,ll
1630,6/29/2018,15:19,cdg
1631,6/29/2018,15:19,git,status
1632,6/29/2018,15:20,git,diff,Ubuntu/.config/sublime-text-3/Packages/User/Package,Control.sublime-settings
1633,6/29/2018,15:20,git,diff
1634,6/29/2018,15:21,git,add,Ubuntu/.config/sublime-text-3/Packages/User/Package,Control.sublime-settings,Ubuntu/.config/sublime-text-3/Packages/User/Preferences.sublime-settings
1635,6/29/2018,15:24,git,add,Ubuntu/.config/sublime-text-3/Packages/User/Preferences.sublime-settings
1636,6/29/2018,15:24,git,status
1637,6/29/2018,15:24,git,add,Ubuntu/.config/sublime-text-3/Packages/User/Package\,Control.sublime-settings
1638,6/29/2018,15:24,git,status
1639,6/29/2018,15:26,git,commit,-m,"Sublime,configurations,update",Ubuntu/.config/sublime-text-3/Packages/User/Package\,Control.sublime-settings,Ubuntu/.config/sublime-text-3/Packages/User/Preferences.sublime-settings
1640,6/29/2018,15:26,git,add,Ubuntu/useful-resources/
1641,6/29/2018,15:26,git,status
1642,6/29/2018,15:27,git,commit,-m,"Debian,Package,manager,documentation,was,added",Ubuntu/useful-resources/README.md
1643,6/29/2018,15:28,git,push
1644,6/29/2018,16:37,git,status
1645,6/29/2018,16:38,status
1646,6/29/2018,16:38,git,status
1647,6/29/2018,16:39,git,add,-i
1648,6/29/2018,16:49,subl,~/.zshrc
1649,6/29/2018,17:34,lsblk,-f
1650,6/29/2018,18:04,clear
1651,6/29/2018,18:04,ll
1652,6/29/2018,18:04,clear
1653,6/29/2018,18:04,ll
1654,6/29/2018,18:09,locate
1655,6/29/2018,18:10,locate,tessdata
1656,6/29/2018,18:11,cd,/usr/share/tesseract-ocr/tessdata
1657,6/29/2018,18:12,updatedb
1658,6/29/2018,18:12,sudo,updatedb
1659,6/29/2018,18:13,arUa7jvw
1660,6/29/2018,18:13,sudo,updatedb
1661,6/29/2018,18:15,locate,tessdata,|,grep,configs
1662,6/29/2018,18:16,subl,~/.zshrc
1663,6/29/2018,18:20,exit
1664,6/29/2018,18:24,subl,/etc/cron.daily/mlocate
1665,6/29/2018,18:25,on_ac_power
1666,6/29/2018,18:25,which,on_ac_power
1667,6/29/2018,18:25,on_ac_power
1668,6/29/2018,18:28,man,ionice
1669,6/29/2018,18:29,man,flock
1670,6/29/2018,18:33,sudo,updatedb
1671,6/29/2018,18:34,clear
1672,6/29/2018,18:34,source,~/.zshrc
1673,6/29/2018,18:35,locateg,tessdata/configs
1674,6/29/2018,18:35,locateg,tessdata
1675,6/29/2018,18:36,source,~/.zshrc
1676,6/29/2018,18:36,locateg,tessdata
1677,6/29/2018,18:36,source,~/.zshrc
1678,6/29/2018,18:36,locateg,tessdata
1679,6/29/2018,18:36,sudo,updayedb
1680,6/29/2018,18:36,sudo,updatedb
1681,6/29/2018,18:37,locateg,tessdata
1682,6/29/2018,18:37,locateg
1683,6/29/2018,18:38,locateg,tessdata
1684,6/29/2018,18:38,source,~/.zshrc
1685,6/29/2018,18:38,locateg,tessdata
1686,6/29/2018,18:38,source,~/.zshrc
1687,6/29/2018,18:38,locateg,tessdata
1688,6/29/2018,18:39,source,~/.zshrc
1689,6/29/2018,18:39,locateg,tessdata
1690,6/29/2018,18:40,source,~/.zshrc
1691,6/29/2018,18:40,clear
1692,6/29/2018,18:40,bla,grgr,greg
1693,6/29/2018,18:41,source,~/.zshrc
1694,6/29/2018,18:41,bla,grgr,greg
1695,6/29/2018,18:41,source,~/.zshrc
1696,6/29/2018,18:41,bla,grgr,greg
1697,6/29/2018,18:42,source,~/.zshrc
1698,6/29/2018,18:42,locate,tessdata
1699,6/30/2018,02:14,man,export
1700,6/30/2018,02:29,echo,$PROMPT_COMMAND
1701,6/30/2018,02:30,subl,~/.zshrc
1702,6/30/2018,02:30,source,~/.zshrc
1703,6/30/2018,02:31,cat
1704,6/30/2018,02:31,ls
1705,6/30/2018,02:31,ll
1706,6/30/2018,02:31,subl,~/.zshrc
1707,6/30/2018,02:31,exit
1708,6/30/2018,02:32,cd,~/.AndroidStudio3.1/system/log,&&,cat,./idea.log,|,grep,error
1709,6/30/2018,02:32,cd,/home/gil_diy
1710,6/30/2018,02:32,cd,~/AndroidStudioProjects
1711,6/30/2018,02:32,adb,shell
1712,6/30/2018,02:32,clear
1713,6/30/2018,02:32,mpsyt
1714,6/30/2018,02:32,tmuxinator,android-setup
1715,6/30/2018,02:32,cd,~/AndroidStudioProjects
1716,6/30/2018,02:32,mpsyt
1717,6/30/2018,02:32,adb,shell
1718,6/30/2018,02:32,cd,/home/gil_diy
1719,6/30/2018,02:32,clear
1720,6/30/2018,02:32,cd,~/.AndroidStudio3.1/system/log,&&,cat,./idea.log,|,grep,error
1721,6/30/2018,02:32,ag,PROMPT_COMMAND
1722,6/30/2018,02:33,ag,precmd
1723,6/30/2018,02:35,man,PROMPT_COMMAND
1724,6/30/2018,02:44,clear
1725,6/30/2018,02:44,echo,$TERM
1726,6/30/2018,02:45,echo,$SHELL
1727,6/30/2018,02:46,pwd
1728,6/30/2018,02:47,ag,precmd
1729,6/30/2018,02:47,precmd(),{,eval,"$PROMPT_COMMAND",}
1730,6/30/2018,02:47,PROMPT_COMMAND='echo,Hello,,it,is,now,$(date)'
1731,6/30/2018,02:48,echo,1
1732,6/30/2018,02:48,echo,3
1733,6/30/2018,02:50,du
1734,6/30/2018,02:50,du,--human-readable
1735,6/30/2018,02:51,pwd
1736,6/30/2018,02:51,cd,dest-try
1737,6/30/2018,02:51,du,--human-readable
1738,6/30/2018,02:53,which,most
1739,6/30/2018,08:51,jhfker
1740,6/30/2018,08:56,echo,$ZSH_VERSION
1741,6/30/2018,09:03,subl,~/.zshrc
1742,6/30/2018,09:05,git
1743,6/30/2018,09:05,clear
1744,6/30/2018,09:10,print,-n,$PWD
1745,6/30/2018,09:11,print,$PWD
1746,6/30/2018,09:11,print,-n,$PWD
1747,6/30/2018,09:11,print,-n,$PWD,|,clipcopy
1748,6/30/2018,09:11,man,clipcopy
1749,6/30/2018,09:12,cd,~
1750,6/30/2018,09:12,find,.,-name,git.plugin.sh
1751,6/30/2018,09:12,find,.,-name,"git.plugin.sh"
1752,6/30/2018,09:13,find,.,-name,"git\.plugin\.sh"
1753,6/30/2018,09:13,locate,plugins
1754,6/30/2018,09:22,echo,$ZSH_VERSION
1755,6/30/2018,09:24,pwd
1756,6/30/2018,09:24,find,.,-name,web-search.plugin.zsh
1757,6/30/2018,09:24,cd,./.oh-my-zsh/plugins/web-search
1758,6/30/2018,09:24,ll
1759,6/30/2018,09:24,cat,./web-search.plugin.zsh
1760,6/30/2018,09:25,clear
1761,6/30/2018,09:25,cd,~
1762,6/30/2018,09:25,subl,~/.zshrc
1763,6/30/2018,09:26,source,~/.zshrc
1764,6/30/2018,09:26,google,tesseract
1765,6/30/2018,09:27,eus
1766,6/30/2018,09:27,zeus
1767,6/30/2018,09:36,find,.,-name,dirhistory.plugin.zsh
1768,6/30/2018,09:37,subl,~/.zshrc
1769,6/30/2018,09:38,pwd
1770,6/30/2018,09:38,source,~/.zshrc
1771,6/30/2018,09:39,pwd
1772,6/30/2018,09:39,cd,/
1773,6/30/2018,09:39,pwd
1774,6/30/2018,09:39,cd,/home/gil_diy/Dropbox
1775,6/30/2018,09:39,ll
1776,6/30/2018,09:40,subl,~/.zshrc
1777,6/30/2018,09:43,source,~/.zshrc
1778,6/30/2018,09:43,gil,does,it,wok
1779,6/30/2018,09:45,echo,$ZSH_VERSION
1780,6/30/2018,09:47,exit
1781,6/30/2018,09:47,cd,~/AndroidStudioProjects
1782,6/30/2018,09:47,cd,~/.AndroidStudio3.1/system/log,&&,cat,./idea.log,|,grep,error
1783,6/30/2018,09:47,mpsyt
1784,6/30/2018,09:47,cd,/home/gil_diy
1785,6/30/2018,09:47,clear
1786,6/30/2018,09:47,adb,shell
1787,6/30/2018,09:47,exit
1788,6/30/2018,09:47,source,~/.zshrc
1789,6/30/2018,09:47,cd,/home/gil_diy
1790,6/30/2018,09:47,clear
1791,6/30/2018,09:47,mpsyt
1792,6/30/2018,09:47,cd,~/.AndroidStudio3.1/system/log,&&,cat,./idea.log,|,grep,error
1793,6/30/2018,09:47,adb,shell
1794,6/30/2018,09:47,cd,~/AndroidStudioProjects
1795,6/30/2018,09:47,source,~/.zshrc
1796,6/30/2018,09:47,history
1797,6/30/2018,09:55,sudo,firewall-cmd
1798,6/30/2018,10:14,adb,shell
1799,6/30/2018,10:14,cd,/home/gil_diy
1800,6/30/2018,10:14,mpsyt
1801,6/30/2018,10:14,cd,~/.AndroidStudio3.1/system/log,&&,cat,./idea.log,|,grep,error
1802,6/30/2018,10:14,clear
1803,6/30/2018,10:14,cd,~/AndroidStudioProjects
1804,6/30/2018,10:14,exit
1805,6/30/2018,10:15,cd,/home/gil_diy
1806,6/30/2018,10:15,clear
1807,6/30/2018,10:15,cd,~/.AndroidStudio3.1/system/log,&&,cat,./idea.log,|,grep,error
1808,6/30/2018,10:15,mpsyt
1809,6/30/2018,10:15,adb,shell
1810,6/30/2018,10:15,cd,~/AndroidStudioProjects
1811,6/30/2018,10:15,ll
1812,6/30/2018,10:15,pwd
1813,6/30/2018,10:15,rm,./blabla
1814,6/30/2018,10:15,clear
1815,6/30/2018,10:15,ll
1816,6/30/2018,10:16,hist
1817,6/30/2018,10:16,histg,try
1818,6/30/2018,10:16,hs
1819,6/30/2018,10:17,source,~/.zshrc
1820,6/30/2018,10:17,ufkhfg
1821,6/30/2018,10:17,llkrhd
1822,6/30/2018,10:17,flirj
1823,6/30/2018,10:17,jflkjrd
1824,6/30/2018,10:17,subl,~/.zshrc
1825,6/30/2018,10:17,google,works
1826,6/30/2018,10:18,source,~/.zshrc
1827,6/30/2018,10:18,google,tesseract
1828,6/30/2018,10:19,source,~/.zshrc
1829,6/30/2018,10:19,google,try
1830,6/30/2018,10:19,source,~/.zshrc
1831,6/30/2018,10:19,google,try
1832,6/30/2018,10:20,exit
1833,6/30/2018,10:20,cd,/home/gil_diy
1834,6/30/2018,10:20,mpsyt
1835,6/30/2018,10:20,cd,~/.AndroidStudio3.1/system/log,&&,cat,./idea.log,|,grep,error
1836,6/30/2018,10:20,clear
1837,6/30/2018,10:20,adb,shell
1838,6/30/2018,10:20,cd,~/AndroidStudioProjects
1839,6/30/2018,10:20,google,tesseract
1840,6/30/2018,10:20,google,tesseract-ocr
1841,6/30/2018,10:20,exit
1842,6/30/2018,10:21,cd,~/.AndroidStudio3.1/system/log,&&,cat,./idea.log,|,grep,error
1843,6/30/2018,10:21,cd,/home/gil_diy
1844,6/30/2018,10:21,mpsyt
1845,6/30/2018,10:21,adb,shell
1846,6/30/2018,10:21,cd,~/AndroidStudioProjects
1847,6/30/2018,10:21,clear
1848,6/30/2018,10:21,hurgiurhgiuhrhukf
1849,6/30/2018,10:21,clear
1850,6/30/2018,10:22,source,~/.zshrc
1851,6/30/2018,10:23,exit
1852,6/30/2018,10:23,cd,/home/gil_diy
1853,6/30/2018,10:23,mpsyt
1854,6/30/2018,10:23,adb,shell
1855,6/30/2018,10:23,cd,~/.AndroidStudio3.1/system/log,&&,cat,./idea.log,|,grep,error
1856,6/30/2018,10:23,clear
1857,6/30/2018,10:23,cd,~/AndroidStudioProjects
1858,6/30/2018,10:23,man,checkinstall
1859,6/30/2018,10:24,histg,tesseract
1860,6/30/2018,10:25,ubuntu
1861,6/30/2018,10:25,cdg
1862,6/30/2018,10:25,git,status
1863,6/30/2018,10:25,git,diff,Ubuntu/.zshrc
1864,6/30/2018,10:26,vim,~/.zshrc
1865,6/30/2018,10:28,subl,~/.zshrc
1866,6/30/2018,10:28,vim,~/.zshrc
1867,6/30/2018,10:29,subl,~/.zshrc
1868,6/30/2018,10:30,locate,gil
1869,6/30/2018,10:30,clear
1870,6/30/2018,10:31,locate,a.txt
1871,6/30/2018,10:31,locate,a\.txt
1872,6/30/2018,10:31,locate,"a.txt"
1873,6/30/2018,10:31,locate,"^a.txt"
1874,6/30/2018,10:31,locate,'^a.txt'
1875,6/30/2018,10:31,locate,'aa.txt'
1876,6/30/2018,10:34,source,~/.zshrc
1877,6/30/2018,10:34,alias,locateg
1878,6/30/2018,10:34,locateg,'a.txt',a
1879,6/30/2018,10:34,locateg,'a.txt'
1880,6/30/2018,10:35,source,~/.zshrc
1881,6/30/2018,10:35,junk
1882,6/30/2018,10:36,junk,la
1883,6/30/2018,10:36,source,~/.zshrc
1884,6/30/2018,10:36,junk,la
1885,6/30/2018,10:36,source,~/.zshrc
1886,6/30/2018,10:36,junk,la
1887,6/30/2018,10:37,source,~/.zshrc
1888,6/30/2018,10:37,junk,la
1889,6/30/2018,10:37,junk,lahgfrjhgfre
1890,6/30/2018,10:37,source,~/.zshrc
1891,6/30/2018,10:37,junk,lahgfrjhgfre
1892,6/30/2018,10:41,cut,"fjoiejf,fuhed"
1893,6/30/2018,10:41,man,cut
1894,6/30/2018,10:43,echo,"abc:def",|,awk,-F':','{print,$1}'
1895,6/30/2018,10:43,echo,"abc:def",|,awk,-F':','{print,$1,$2}'
1896,6/30/2018,10:43,echo,"abc,def",|,awk,-F',','{print,$1}'
1897,6/30/2018,10:44,echo,"abc,def",|,awk,-F',','{print,$2}'
1898,6/30/2018,10:47,source,~/.zshrc
1899,6/30/2018,10:47,junk,example
1900,6/30/2018,10:51,subl,~/.zshrc
1901,6/30/2018,10:53,clear
1902,6/30/2018,10:53,sublime
1903,6/30/2018,10:55,reboot
1904,6/30/2018,10:56,cd,/home/gil_diy
1905,6/30/2018,10:56,adb,shell
1906,6/30/2018,10:56,clear
1907,6/30/2018,10:56,cd,~/AndroidStudioProjects
1908,6/30/2018,10:56,cd,~/.AndroidStudio3.1/system/log,&&,cat,./idea.log,|,grep,error
1909,6/30/2018,10:56,mpsyt
1910,6/30/2018,10:56,subl,~/.zshrc
1911,6/30/2018,10:57,ll
1912,6/30/2018,10:58,ag,Dotfiles
1913,6/30/2018,10:58,ag,Highlighting
1914,6/30/2018,10:58,ag,Highlight
1915,6/30/2018,10:58,ubuntu
1916,6/30/2018,10:58,ll
1917,6/30/2018,10:58,cd,.config/sublime-text-3
1918,6/30/2018,10:58,ll
1919,6/30/2018,10:59,cd,Packages
1920,6/30/2018,10:59,ll
1921,6/30/2018,10:59,cd,User
1922,6/30/2018,10:59,ll
1923,6/30/2018,10:59,subl,./Preferences.sublime-settings
1924,6/30/2018,11:01,clear
1925,6/30/2018,11:01,ag,installed_packages
1926,6/30/2018,11:01,ll
1927,6/30/2018,11:02,subl,./Package\,Control.sublime-settings
1928,6/30/2018,11:05,ll
1929,6/30/2018,11:05,cd,,,
1930,6/30/2018,11:05,cd,..
1931,6/30/2018,11:05,ll
1932,6/30/2018,11:06,cd,~/.config/sublime-text-3
1933,6/30/2018,11:06,ll
1934,6/30/2018,11:06,cd,Installed\,Packages
1935,6/30/2018,11:06,ll
1936,6/30/2018,11:06,subl,./Dotfiles\,Syntax\,Highlighting.sublime-package
1937,6/30/2018,11:06,file,./Dotfiles\,Syntax\,Highlighting.sublime-package
1938,6/30/2018,11:06,subl,./LuaComplete.sublime-package
1939,6/30/2018,11:12,find,.,-name,*.sh
1940,6/30/2018,11:12,find,.,-name,"*.sh"
1941,6/30/2018,11:12,sublime,./myGitRepositories/tesseract/autogen.sh
1942,6/30/2018,11:12,sublime,.zshrc.pre-oh-my-zsh
1943,6/30/2018,11:13,sublime,.zshrc
1944,6/30/2018,11:13,pwd
1945,6/30/2018,11:13,ag,Shell-Unix-Generic
1946,6/30/2018,11:13,ag,"Shell-Unix-Generic"
1947,6/30/2018,11:13,ag,"-Unix-Generic"
1948,6/30/2018,11:13,ag,"Unix-Generic"
1949,6/30/2018,11:14,sublime,-v
1950,6/30/2018,11:16,cd,~/.config/sublime-text-3
1951,6/30/2018,11:16,ll
1952,6/30/2018,11:17,cd,Installed\,Packages
1953,6/30/2018,11:17,ll
1954,6/30/2018,11:20,cd,..
1955,6/30/2018,11:20,ll
1956,6/30/2018,11:20,cd,-
1957,6/30/2018,11:20,pwd
1958,6/30/2018,11:21,ll
1959,6/30/2018,11:21,cd,..
1960,6/30/2018,11:21,ll
1961,6/30/2018,11:21,cd,Packages/User
1962,6/30/2018,11:21,ll
1963,6/30/2018,11:21,subl,./Package\,Control.sublime-settings
1964,6/30/2018,11:26,cd,~
1965,6/30/2018,11:26,pwd
1966,6/30/2018,11:26,ll
1967,6/30/2018,11:27,subl,.zshrc.pre-oh-my-zsh
1968,6/30/2018,11:27,subl,.profile
1969,6/30/2018,11:27,subl,.viminfo
1970,6/30/2018,11:27,subl,.gitconfig
1971,6/30/2018,11:29,subl,.bashrc
1972,6/30/2018,11:30,cd,~/myGitRepositories/OCR-Reader
1973,6/30/2018,11:30,ll
1974,6/30/2018,11:31,sublime,.git
1975,6/30/2018,11:31,cd,~
1976,6/30/2018,11:31,ll
1977,6/30/2018,11:31,sublime,.profile
1978,6/30/2018,11:31,sublime,.viminfo
1979,6/30/2018,11:32,sublime,.gitconfig
1980,6/30/2018,11:32,sublime,.zsh_history
1981,6/30/2018,11:37,ll
1982,6/30/2018,11:37,ubuntu
1983,6/30/2018,11:37,ll
1984,6/30/2018,11:37,git,status
1985,6/30/2018,11:37,git,diff
1986,6/30/2018,11:39,psg,lsyncd
1987,6/30/2018,11:39,ll
1988,6/30/2018,11:39,git,diff
1989,6/30/2018,11:40,vim,./.zshrc
1990,6/30/2018,11:41,subl,./.zshrc
1991,6/30/2018,11:41,subl,~/.zshrc
1992,6/30/2018,11:44,git,add,-i
1993,6/30/2018,11:44,git,status
1994,6/30/2018,11:46,git,add,-i
1995,6/30/2018,11:59,man,git,add
1996,6/30/2018,12:00,git,add,-i
1997,6/30/2018,12:01,git,status
1998,6/30/2018,12:01,git,add,-i
1999,6/30/2018,12:03,git,status
2000,6/30/2018,12:05,git,commit,-m,"useful,shortcuts,and,plugins,were,added"
2001,6/30/2018,12:05,subl,~/.zshrc
2002,6/30/2018,12:07,g
2003,6/30/2018,12:09,current_branch
2004,6/30/2018,12:10,gss
2005,6/30/2018,12:10,git,status
2006,6/30/2018,12:10,gd
2007,6/30/2018,12:11,gd,.zshrc
2008,6/30/2018,12:11,git,diff,./.zshrc
2009,6/30/2018,12:13,git,diff
2010,6/30/2018,12:15,man,git-add
2011,6/30/2018,12:16,subl,~/.zshrc
2012,6/30/2018,12:17,ll
2013,6/30/2018,12:17,vim,~/.zshrc
2014,6/30/2018,12:26,cll
2015,6/30/2018,12:26,ll
2016,6/30/2018,12:26,cd,~
2017,6/30/2018,12:44,ll
2018,6/30/2018,12:45,git,status
2019,6/30/2018,12:45,cd,~/.zshr
2020,6/30/2018,12:45,ubuntu
2021,6/30/2018,12:45,ll
2022,6/30/2018,12:45,subl,~/.zshrc
2023,6/30/2018,12:45,git,status
2024,6/30/2018,12:46,ga
2025,6/30/2018,12:46,git,add,.zshrc
2026,6/30/2018,12:46,git,status
2027,6/30/2018,12:47,git,commit,-m,"tiny,update"
2028,6/30/2018,12:47,git,push
2029,6/30/2018,13:33,sudo,subl,/etc/hosts
2030,6/30/2018,13:35,git,status
2031,6/30/2018,13:35,git,add
2032,6/30/2018,13:35,ga
2033,6/30/2018,13:35,source,~/.zshrc
2034,6/30/2018,13:35,ga
2035,6/30/2018,13:36,ll
2036,6/30/2018,13:36,git,status
2037,6/30/2018,13:36,git,diff,.config/sublime-text-3/Packages/User/Preferences.sublime-settings
2038,6/30/2018,13:38,git,commit,-m,"Sublime,packages,were,added,to,my,configuration"
2039,6/30/2018,13:38,git,status
2040,6/30/2018,13:38,git,push
2041,6/30/2018,13:40,clear
2042,6/30/2018,13:40,ll
2043,6/30/2018,13:42,fc,-l,1,|,awk,'{CMD[$2]++;count++;}END,{,for,(a,in,CMD)print,CMD[a],",",CMD[a]/count*100,"%,",a;}',|,grep,-v,"./",|,column,-c3,-s,",",-t,|,sort,-nr,|,nl,|,head,-n20
2044,6/30/2018,13:57,man,fc
2045,6/30/2018,13:59,cd,~
2046,6/30/2018,13:59,cd,myGitRepositories
2047,6/30/2018,13:59,ll
2048,6/30/2018,14:00,mkdir,stats-my-workflow
2049,6/30/2018,14:00,cd,stats-my-workflow
2050,6/30/2018,14:00,ll
2051,6/30/2018,14:00,subl,example.sh
2052,6/30/2018,14:01,ll
2053,6/30/2018,14:01,chmod,+x,./example.sh
2054,6/30/2018,14:01,ll
2055,6/30/2018,14:01,./example.sh
2056,6/30/2018,14:01,subl,./example.sh
2057,6/30/2018,14:02,^[[200~fc,-l,1~
2058,6/30/2018,14:02,fc,-l,1
2059,6/30/2018,14:02,history
2060,6/30/2018,14:02,alias,history
2061,6/30/2018,14:03,omz_history
2062,6/30/2018,14:03,alias,history
2063,6/30/2018,14:05,fc,-l,1
2064,6/30/2018,14:05,alias,history
2065,6/30/2018,14:05,omz_history
2066,6/30/2018,14:05,alias,omz_history
2067,6/30/2018,14:05,alias,history
2068,6/30/2018,14:06,fc,-l
2069,6/30/2018,14:06,fc,-l,1
2070,6/30/2018,14:06,./example.sh
2071,6/30/2018,14:07,ll
2072,6/30/2018,14:07,./example.sh
2073,6/30/2018,14:08,fc,-l,1,|,awk,'{CMD[$2]++;count++;}END,{,for,(a,in,CMD)print,CMD[a],",",CMD[a]/count*100,"%,",a;}',|,grep,-v,"./",|,column,-c3,-s,",",-t,|,sort,-nr,|,nl,|,head,-n20
2074,6/30/2018,14:08,fc,-l,1
2075,6/30/2018,14:08,./example.sh
2076*,6/30/2018,14:10,exit
2077,6/30/2018,14:14,cat,/etc/os-release
2078,6/30/2018,14:16,pwd
2079,6/30/2018,14:16,cd,~
2080,6/30/2018,14:16,ag,"keybindings,minimize"
2081,6/30/2018,14:16,cd,/
2082,6/30/2018,14:16,ag,"keybindings,minimize"
2083,6/30/2018,14:18,gsettings,list-recursively
2084,6/30/2018,14:18,gsettings,list-recursively,|,grep,minimie
2085,6/30/2018,14:18,gsettings,list-recursively,|,grep,minimize
2086,6/30/2018,14:19,gsettings,list-recursively,|,grep,keybindings
2087,6/30/2018,14:19,gsettings,list-recursively,|,grep,minimize
2088,6/30/2018,14:19,gsettings,list-recursively,|,grep,keybindings
2089,6/30/2018,14:20,gsettings,list-recursively,|,grep,minimize
2090,6/30/2018,14:20,gsettings,list-recursively,|,grep,keybindings
2091,6/30/2018,14:20,gsettings,list-recursively,|,grep,keybindings,|,grep,corner
2092,6/30/2018,14:23,cd,~/myGitRepositories
2093,6/30/2018,14:23,cd,..
2094,6/30/2018,14:23,cd,myGitRepositories
2095,6/30/2018,14:23,ll
2096,6/30/2018,14:23,cd,stats-my-workflow
2097,6/30/2018,14:23,ll
2098,6/30/2018,14:23,clear
2099,6/30/2018,14:23,ll
2100,6/30/2018,14:23,subl,./example.sh
2101,6/30/2018,14:28,./example.sh
2102,6/30/2018,14:29,which,history
2103,6/30/2018,14:29,which,ll
2104,6/30/2018,14:34,./example.sh
2105,6/30/2018,14:36,man,fc
2106,6/30/2018,14:36,./example.sh
2107,6/30/2018,14:38,history,-L
2108,6/30/2018,14:38,history
2109,6/30/2018,14:43,fc,-il,1
2110,6/30/2018,14:43,history
2111,6/30/2018,14:43,./example.sh
2112,6/30/2018,14:43,fc,-il,1
2113,6/30/2018,14:43,fc,-l,1
2114,6/30/2018,14:44,./example.sh
2115,6/30/2018,14:45,ll
2116,6/30/2018,14:45,./example.sh
2117,6/30/2018,14:45,ll
2118,6/30/2018,14:47,./example.sh
2119,6/30/2018,14:47,fc,-l,1
2120,6/30/2018,14:47,./example.sh
2121,6/30/2018,14:48,fc,-l
2122,6/30/2018,14:48,fc,-l,1
2123,6/30/2018,14:48,fc,-il
2124,6/30/2018,14:48,fc,-i,-l
2125,6/30/2018,14:48,fc,-i,20,-l
2126,6/30/2018,14:48,fc,-i,-l,20
2127,6/30/2018,14:49,fc,-i,-l
2128,6/30/2018,14:49,fc,-i,-l,20
2129,6/30/2018,14:49,apt,search,fc
2130,6/30/2018,14:49,apt,search,manfc
2131,6/30/2018,14:49,apt,search,man-fc
2132,6/30/2018,14:49,apt,search,man
2133,6/30/2018,14:49,apt,search,man,|,grep,fc
2134,6/30/2018,15:13,./example.sh
2135,6/30/2018,15:14,which,fc
2136,6/30/2018,15:14,./example.sh
2137,6/30/2018,15:14,history
2138,6/30/2018,15:19,ll
2139,6/30/2018,15:19,history
